"#";"http://www.iso.org/iso/fr/english_country_names_and_code_elements";
"PATH";"/System/Characts/GeoOrigins";
"TYPE";"bcpg:geoOrigin";
"COLUMNS";"cm:name";"bcpg:geoOriginISOCode"
"VALUES";"Afghanistan";"AF"
"VALUES";"Afrique du sud";"ZA"
"VALUES";"Åland, îles";"AX"
"VALUES";"Albanie";"AL"
"VALUES";"Algérie";"DZ"
"VALUES";"Allemagne";"DE"
"VALUES";"Andorre";"AD"
"VALUES";"Angola";"AO"
"VALUES";"Anguilla";"AI"
"VALUES";"Antarctique";"AQ"
"VALUES";"Antigua-et-barbuda";"AG"
"VALUES";"Arabie saoudite";"SA"
"VALUES";"Argentine";"AR"
"VALUES";"Arménie";"AM"
"VALUES";"Aruba";"AW"
"VALUES";"Australie";"AU"
"VALUES";"Autriche";"AT"
"VALUES";"Azerbaïdjan";"AZ"
"VALUES";"Bahamas";"BS"
"VALUES";"Bahreïn";"BH"
"VALUES";"Bangladesh";"BD"
"VALUES";"Barbade";"BB"
"VALUES";"Bélarus";"BY"
"VALUES";"Belgique";"BE"
"VALUES";"Belize";"BZ"
"VALUES";"Bénin";"BJ"
"VALUES";"Bermudes";"BM"
"VALUES";"Bhoutan";"BT"
"VALUES";"Bolivie, l'état plurinational de";"BO"
"VALUES";"Bonaire, saint-eustache et saba";"BQ"
"VALUES";"Bosnie-herzégovine";"BA"
"VALUES";"Botswana";"BW"
"VALUES";"Bouvet, île";"BV"
"VALUES";"Brésil";"BR"
"VALUES";"Brunéi darussalam";"BN"
"VALUES";"Bulgarie";"BG"
"VALUES";"Burkina faso";"BF"
"VALUES";"Burundi";"BI"
"VALUES";"Caïmanes, îles";"KY"
"VALUES";"Cambodge";"KH"
"VALUES";"Cameroun";"CM"
"VALUES";"Canada";"CA"
"VALUES";"Cap-vert";"CV"
"VALUES";"Centrafricaine, république";"CF"
"VALUES";"Chili";"CL"
"VALUES";"Chine";"CN"
"VALUES";"Christmas, île";"CX"
"VALUES";"Chypre";"CY"
"VALUES";"Cocos (keeling), îles";"CC"
"VALUES";"Colombie";"CO"
"VALUES";"Comores";"KM"
"VALUES";"Congo";"CG"
"VALUES";"Congo, la république démocratique du";"CD"
"VALUES";"Cook, îles";"CK"
"VALUES";"Corée, république de";"KR"
"VALUES";"Corée, république populaire démocratique de";"KP"
"VALUES";"Costa rica";"CR"
"VALUES";"Côte d'ivoire";"CI"
"VALUES";"Croatie";"HR"
"VALUES";"Cuba";"CU"
"VALUES";"Curaçao";"CW"
"VALUES";"Danemark";"DK"
"VALUES";"Djibouti";"DJ"
"VALUES";"Dominicaine, république";"DO"
"VALUES";"Dominique";"DM"
"VALUES";"Égypte";"EG"
"VALUES";"El salvador";"SV"
"VALUES";"Émirats arabes unis";"AE"
"VALUES";"Équateur";"EC"
"VALUES";"Érythrée";"ER"
"VALUES";"Espagne";"ES"
"VALUES";"Estonie";"EE"
"VALUES";"États-unis";"US"
"VALUES";"Éthiopie";"ET"
"VALUES";"Falkland, îles (malvinas)";"FK"
"VALUES";"Féroé, îles";"FO"
"VALUES";"Fidji";"FJ"
"VALUES";"Finlande";"FI"
"VALUES";"France";"FR"
"VALUES";"Gabon";"GA"
"VALUES";"Gambie";"GM"
"VALUES";"Géorgie";"GE"
"VALUES";"Géorgie du sud et les îles sandwich du sud";"GS"
"VALUES";"Ghana";"GH"
"VALUES";"Gibraltar";"GI"
"VALUES";"Grèce";"GR"
"VALUES";"Grenade";"GD"
"VALUES";"Groenland";"GL"
"VALUES";"Guadeloupe";"GP"
"VALUES";"Guam";"GU"
"VALUES";"Guatemala";"GT"
"VALUES";"Guernesey";"GG"
"VALUES";"Guinée";"GN"
"VALUES";"Guinée-bissau";"GW"
"VALUES";"Guinée équatoriale";"GQ"
"VALUES";"Guyana";"GY"
"VALUES";"Guyane française";"GF"
"VALUES";"Haïti";"HT"
"VALUES";"Heard, île et mcdonald, îles";"HM"
"VALUES";"Honduras";"HN"
"VALUES";"Hong-kong";"HK"
"VALUES";"Hongrie";"HU"
"VALUES";"Île de man";"IM"
"VALUES";"Îles mineures éloignées des états-unis";"UM"
"VALUES";"Îles vierges britanniques";"VG"
"VALUES";"Îles vierges des états-unis";"VI"
"VALUES";"Inde";"IN"
"VALUES";"Indonésie";"ID"
"VALUES";"Iran, république islamique d'";"IR"
"VALUES";"Iraq";"IQ"
"VALUES";"Irlande";"IE"
"VALUES";"Islande";"IS"
"VALUES";"Israël";"IL"
"VALUES";"Italie";"IT"
"VALUES";"Jamaïque";"JM"
"VALUES";"Japon";"JP"
"VALUES";"Jersey";"JE"
"VALUES";"Jordanie";"JO"
"VALUES";"Kazakhstan";"KZ"
"VALUES";"Kenya";"KE"
"VALUES";"Kirghizistan";"KG"
"VALUES";"Kiribati";"KI"
"VALUES";"Koweït";"KW"
"VALUES";"Lao, république démocratique populaire";"LA"
"VALUES";"Lesotho";"LS"
"VALUES";"Lettonie";"LV"
"VALUES";"Liban";"LB"
"VALUES";"Libéria";"LR"
"VALUES";"Libyenne, jamahiriya arabe";"LY"
"VALUES";"Liechtenstein";"LI"
"VALUES";"Lituanie";"LT"
"VALUES";"Luxembourg";"LU"
"VALUES";"Macao";"MO"
"VALUES";"Macédoine, l'ex-république yougoslave de";"MK"
"VALUES";"Madagascar";"MG"
"VALUES";"Malaisie";"MY"
"VALUES";"Malawi";"MW"
"VALUES";"Maldives";"MV"
"VALUES";"Mali";"ML"
"VALUES";"Malte";"MT"
"VALUES";"Mariannes du nord, îles";"MP"
"VALUES";"Maroc";"MA"
"VALUES";"Marshall, îles";"MH"
"VALUES";"Martinique";"MQ"
"VALUES";"Maurice";"MU"
"VALUES";"Mauritanie";"MR"
"VALUES";"Mayotte";"YT"
"VALUES";"Mexique";"MX"
"VALUES";"Micronésie, états fédérés de";"FM"
"VALUES";"Moldova, république de";"MD"
"VALUES";"Monaco";"MC"
"VALUES";"Mongolie";"MN"
"VALUES";"Monténégro";"ME"
"VALUES";"Montserrat";"MS"
"VALUES";"Mozambique";"MZ"
"VALUES";"Myanmar";"MM"
"VALUES";"Namibie";"NA"
"VALUES";"Nauru";"NR"
"VALUES";"Népal";"NP"
"VALUES";"Nicaragua";"NI"
"VALUES";"Niger";"NE"
"VALUES";"Nigéria";"NG"
"VALUES";"Niué";"NU"
"VALUES";"Norfolk, île";"NF"
"VALUES";"Norvège";"NO"
"VALUES";"Nouvelle-calédonie";"NC"
"VALUES";"Nouvelle-zélande";"NZ"
"VALUES";"Océan indien, territoire britannique de l'";"IO"
"VALUES";"Oman";"OM"
"VALUES";"Ouganda";"UG"
"VALUES";"Ouzbékistan";"UZ"
"VALUES";"Pakistan";"PK"
"VALUES";"Palaos";"PW"
"VALUES";"Palestinien occupé, territoire";"PS"
"VALUES";"Panama";"PA"
"VALUES";"Papouasie-nouvelle-guinée";"PG"
"VALUES";"Paraguay";"PY"
"VALUES";"Pays-bas";"NL"
"VALUES";"Pérou";"PE"
"VALUES";"Philippines";"PH"
"VALUES";"Pitcairn";"PN"
"VALUES";"Pologne";"PL"
"VALUES";"Polynésie française";"PF"
"VALUES";"Porto rico";"PR"
"VALUES";"Portugal";"PT"
"VALUES";"Qatar";"QA"
"VALUES";"Réunion";"RE"
"VALUES";"Roumanie";"RO"
"VALUES";"Royaume-uni";"GB"
"VALUES";"Russie, fédération de";"RU"
"VALUES";"Rwanda";"RW"
"VALUES";"Sahara occidental";"EH"
"VALUES";"Saint-barthélemy";"BL"
"VALUES";"Sainte-hélène, ascension et tristan da cunha";"SH"
"VALUES";"Sainte-lucie";"LC"
"VALUES";"Saint-kitts-et-nevis";"KN"
"VALUES";"Saint-marin";"SM"
"VALUES";"Saint-martin(partie française)";"MF"
"VALUES";"Saint-martin (partie néerlandaise)";"SX"
"VALUES";"Saint-pierre-et-miquelon";"PM"
"VALUES";"Saint-siège (état de la cité du vatican)";"VA"
"VALUES";"Saint-vincent-et-les grenadines";"VC"
"VALUES";"Salomon, îles";"SB"
"VALUES";"Samoa";"WS"
"VALUES";"Samoa américaines";"AS"
"VALUES";"Sao tomé-et-principe";"ST"
"VALUES";"Sénégal";"SN"
"VALUES";"Serbie";"RS"
"VALUES";"Seychelles";"SC"
"VALUES";"Sierra leone";"SL"
"VALUES";"Singapour";"SG"
"VALUES";"Slovaquie";"SK"
"VALUES";"Slovénie";"SI"
"VALUES";"Somalie";"SO"
"VALUES";"Soudan";"SD"
"VALUES";"Sri lanka";"LK"
"VALUES";"Suède";"SE"
"VALUES";"Suisse";"CH"
"VALUES";"Suriname";"SR"
"VALUES";"Svalbard et île jan mayen";"SJ"
"VALUES";"Swaziland";"SZ"
"VALUES";"Syrienne, république arabe";"SY"
"VALUES";"Tadjikistan";"TJ"
"VALUES";"Taïwan, province de chine";"TW"
"VALUES";"Tanzanie, république-unie de";"TZ"
"VALUES";"Tchad";"TD"
"VALUES";"Tchèque, république";"CZ"
"VALUES";"Terres australes françaises";"TF"
"VALUES";"Thaïlande";"TH"
"VALUES";"Timor-leste";"TL"
"VALUES";"Togo";"TG"
"VALUES";"Tokelau";"TK"
"VALUES";"Tonga";"TO"
"VALUES";"Trinité-et-tobago";"TT"
"VALUES";"Tunisie";"TN"
"VALUES";"Turkménistan";"TM"
"VALUES";"Turks et caïques, îles";"TC"
"VALUES";"Turquie";"TR"
"VALUES";"Tuvalu";"TV"
"VALUES";"Ukraine";"UA"
"VALUES";"Uruguay";"UY"
"VALUES";"Vanuatu";"VU"
"VALUES";"Venezuela, république bolivarienne du";"VE"
"VALUES";"Viet nam";"VN"
"VALUES";"Wallis et futuna";"WF"
"VALUES";"Yémen";"YE"
"VALUES";"Zambie";"ZM"
"VALUES";"Zimbabwe";"ZW"
