STOP_ON_FIRST_ERROR;false;;;;;
PATH;/Temp/CIQUAL;;;;;
TYPE;bcpg:rawMaterial;;;;;
MAPPING;NutDatabaseFrench;;;;;
COLUMNS;bcpg:code;cm:name;bcpg:legalName;bcpg:legalName_en;bcpg:productHierarchy1;bcpg:productHierarchy2
VALUES;CIQUAL7001;Pain, baguette courante;Pain, baguette courante;Bread, French 250 g baguette;CIQUAL;Boulangerie-viennoiserie
VALUES;CIQUAL7004;Pain grillé, domestique;Pain grillé, domestique;Bread, plain, toasted at home;CIQUAL;Boulangerie-viennoiserie
VALUES;CIQUAL7012;Pain courant franà§ais, 400 g ou boule;Pain courant franà§ais, 400 g ou boule;Bread, French 400 g loaf, from bakery;CIQUAL;Boulangerie-viennoiserie
VALUES;CIQUAL7100;Pain de campagne ou bis;Pain de campagne ou bis;Bread, French, country style, from bakery;CIQUAL;Boulangerie-viennoiserie
VALUES;CIQUAL7110;Pain complet, fabrication artisanale;Pain complet, fabrication artisanale;Bread, wholemeal, from bakery;CIQUAL;Boulangerie-viennoiserie
VALUES;CIQUAL7125;Pain de seigle et froment;Pain de seigle et froment;Bread, rye + wheat, from bakery;CIQUAL;Boulangerie-viennoiserie
VALUES;CIQUAL7126;Pain de seigle aux raisins;Pain de seigle aux raisins;Rye bun with raisins, from bakery;CIQUAL;Boulangerie-viennoiserie
VALUES;CIQUAL7160;Pain, baguette sans sel;Pain, baguette sans sel;Bread, French 250 g baguette, without salt;CIQUAL;Boulangerie-viennoiserie
VALUES;CIQUAL7200;Pain de mie;Pain de mie;Bread, sandwich loaf;CIQUAL;Boulangerie-viennoiserie
VALUES;CIQUAL7225;Pain brioché ou viennois;Pain brioché ou viennois;Vienna bread, from bakery;CIQUAL;Boulangerie-viennoiserie
VALUES;CIQUAL7255;Pain aux céréales et graines, artisanal;Pain aux céréales et graines, artisanal;Bread, mixed cereal, from bakery;CIQUAL;Boulangerie-viennoiserie
VALUES;CIQUAL7300;Biscotte classique;Biscotte classique;Rusk, plain;CIQUAL;Boulangerie-viennoiserie
VALUES;CIQUAL7310;Biscotte sans adjonction de sel;Biscotte sans adjonction de sel;Rusk, unsalted;CIQUAL;Boulangerie-viennoiserie
VALUES;CIQUAL7330;Biscotte multicéréale;Biscotte multicéréale;Rusk, mixed cereal;CIQUAL;Boulangerie-viennoiserie
VALUES;CIQUAL7340;Biscotte complète ou riche en fibres;Biscotte complète ou riche en fibres;Rusk, wholemeal;CIQUAL;Boulangerie-viennoiserie
VALUES;CIQUAL7400;Pain grillé, tranches, au froment;Pain grillé, tranches, au froment;Bread, plain, toasted, commercial;CIQUAL;Boulangerie-viennoiserie
VALUES;CIQUAL7410;Tartine craquante, extrudée et grillée;Tartine craquante, extrudée et grillée;Rusk, extruded;CIQUAL;Boulangerie-viennoiserie
VALUES;CIQUAL7411;Tartine craquante, extrudée et grillée, fourrée au chocolat ou aux fruits;Tartine craquante, extrudée et grillée, fourrée au chocolat ou aux fruits;Biscuit, extruded, chocolate or fruit filling;CIQUAL;Pâtisseries et biscuits
VALUES;CIQUAL7425;Pain grillé, tranches, multicéréale;Pain grillé, tranches, multicéréale;Bread, multigrain, toasted, commercial;CIQUAL;Boulangerie-viennoiserie
VALUES;CIQUAL7430;Croûtons;Croûtons;Croutons;CIQUAL;Boulangerie-viennoiserie
VALUES;CIQUAL7500;Chapelure;Chapelure;Breadcrumbs, commercial;CIQUAL;Boulangerie-viennoiserie
VALUES;CIQUAL7525;Gressins;Gressins;Bread stick;CIQUAL;Boulangerie-viennoiserie
VALUES;CIQUAL7601;Croissant ordinaire ou au beurre;Croissant ordinaire ou au beurre;Croissant, ordinary or butter;CIQUAL;Boulangerie-viennoiserie
VALUES;CIQUAL7615;Croissant ordinaire, artisanal;Croissant ordinaire, artisanal;Croissant, ordinary, from bakery;CIQUAL;Boulangerie-viennoiserie
VALUES;CIQUAL7620;Croissant au beurre, artisanal;Croissant au beurre, artisanal;Croissant, butter, from bakery;CIQUAL;Boulangerie-viennoiserie
VALUES;CIQUAL7650;Croissant aux amandes, artisanal;Croissant aux amandes, artisanal;Croissant with almonds, from bakery;CIQUAL;Boulangerie-viennoiserie
VALUES;CIQUAL7710;Pain au lait, artisanal;Pain au lait, artisanal;Milkbread roll, from bakery;CIQUAL;Boulangerie-viennoiserie
VALUES;CIQUAL7720;Pain aux raisins (viennoiserie);Pain aux raisins (viennoiserie);Raisin bun, from bakery;CIQUAL;Boulangerie-viennoiserie
VALUES;CIQUAL7730;Pain au chocolat feuilleté, artisanal;Pain au chocolat feuilleté, artisanal;Bun with chocolate filling, from bakery;CIQUAL;Boulangerie-viennoiserie
VALUES;CIQUAL7740;Brioche, préemballée;Brioche, préemballée;Brioche, commercial;CIQUAL;Boulangerie-viennoiserie
VALUES;CIQUAL7741;Brioche artisanale;Brioche artisanale;Brioche, bakery;CIQUAL;Boulangerie-viennoiserie
VALUES;CIQUAL7812;Fougasse, garnie;Fougasse, garnie;Fougasse;CIQUAL;Boulangerie-viennoiserie
VALUES;CIQUAL7814;Cake salé (garniture : fromage, légumes, viande, poisson, volaille,âŠ);Cake salé (garniture : fromage, légumes, viande, poisson, volaille,âŠ);Savoury cake (with cheese, vegetables, meat or fish);CIQUAL;Boulangerie-viennoiserie
VALUES;CIQUAL8296;Terrine ou mousse de légumes;Terrine ou mousse de légumes;Vegetable terrines and mousses;CIQUAL;Plats composés
VALUES;CIQUAL8601;Tripes à  la mode de Caen;Tripes à  la mode de Caen;Tripes à  la mode de Caen;CIQUAL;Plats composés
VALUES;CIQUAL8934;Quenelle de poisson, cuite;Quenelle de poisson, cuite;Quenelle, fish, cooked;CIQUAL;Plats composés
VALUES;CIQUAL9230;Pop-corn ou Maïs éclaté, à  l'huile, salé;Pop-corn ou Maïs éclaté, à  l'huile, salé;Popcorn, oil-popped, salted;CIQUAL;Pâtisseries et biscuits
VALUES;CIQUAL9231;Pop-corn ou Maïs éclaté, à  l'air, non salé;Pop-corn ou Maïs éclaté, à  l'air, non salé;Popcorn, air-popped, no salt;CIQUAL;Pâtisseries et biscuits
VALUES;CIQUAL9313;Flocons d'avoine, cuits à  l'eau;Flocons d'avoine, cuits à  l'eau;Oats porridge, made with water;CIQUAL;Céréales petit déjeuner et barres céréalières
VALUES;CIQUAL10023;Beignet de crevette;Beignet de crevette;Shrimp fritters;CIQUAL;Plats composés
VALUES;CIQUAL20914;Escalope végétale ou Steak à  base de soja;Escalope végétale ou Steak à  base de soja;Soy burger;CIQUAL;Plats composés
VALUES;CIQUAL23000;Gâteau (aliment moyen);Gâteau (aliment moyen);Cake (average);CIQUAL;Pâtisseries et biscuits
VALUES;CIQUAL23007;Gâteau mousse de fruits sur génoise, type miroir;Gâteau mousse de fruits sur génoise, type miroir;Sponge cake with fruit mousse;CIQUAL;Pâtisseries et biscuits
VALUES;CIQUAL23021;Baba au rhum;Baba au rhum;Rum baba;CIQUAL;Pâtisseries et biscuits
VALUES;CIQUAL23024;Macaron moelleux fourré à  la confiture ou à  la crème;Macaron moelleux fourré à  la confiture ou à  la crème;Macaroon filled with jam or cream;CIQUAL;Pâtisseries et biscuits
VALUES;CIQUAL23032;Brownie au chocolat;Brownie au chocolat;Brownies, chocolate-nut;CIQUAL;Pâtisseries et biscuits
VALUES;CIQUAL23050;Biscuit de Savoie;Biscuit de Savoie;Sponge cake;CIQUAL;Pâtisseries et biscuits
VALUES;CIQUAL23081;Quatre-quarts, préemballé;Quatre-quarts, préemballé;Pound cake, commercial;CIQUAL;Pâtisseries et biscuits
VALUES;CIQUAL23121;Far aux pruneaux;Far aux pruneaux;Breton cake with prunes;CIQUAL;Pâtisseries et biscuits
VALUES;CIQUAL23200;Pain d'épices;Pain d'épices;Gingerbread;CIQUAL;Pâtisseries et biscuits
VALUES;CIQUAL23300;Baklava ou baklawa (pâtisserie orientale aux amandes et sirop);Baklava ou baklawa (pâtisserie orientale aux amandes et sirop);Baklava oriental pastry;CIQUAL;Pâtisseries et biscuits
VALUES;CIQUAL23301;Corne de gazelle (pâtisserie orientale aux amandes et sirop);Corne de gazelle (pâtisserie orientale aux amandes et sirop);Corne de gazelle oriental pastry;CIQUAL;Pâtisseries et biscuits
VALUES;CIQUAL23455;Chou à  la crème (chantilly ou pâtissière);Chou à  la crème (chantilly ou pâtissière);Pastry cream puff;CIQUAL;Pâtisseries et biscuits
VALUES;CIQUAL23467;Chouquette;Chouquette;Puff pastry, sugar coated, from bakery;CIQUAL;Boulangerie-viennoiserie
VALUES;CIQUAL23477;àclair;àclair;Eclair, from bakery;CIQUAL;Pâtisseries et biscuits
VALUES;CIQUAL23480;Chausson aux pommes;Chausson aux pommes;Apple turnover, from bakery;CIQUAL;Boulangerie-viennoiserie
VALUES;CIQUAL23490;Tarte ou tartelette aux pommes;Tarte ou tartelette aux pommes;Apple pie or tart, from bakery;CIQUAL;Pâtisseries et biscuits
VALUES;CIQUAL23493;Crumble aux pommes;Crumble aux pommes;Apple crumble;CIQUAL;Pâtisseries et biscuits
VALUES;CIQUAL23499;Tarte ou tartelette aux fruits;Tarte ou tartelette aux fruits;Fruit pie or tart, from bakery;CIQUAL;Pâtisseries et biscuits
VALUES;CIQUAL23501;Tarte à  la crème;Tarte à  la crème;Custard pie;CIQUAL;Pâtisseries et biscuits
VALUES;CIQUAL23525;Flan pâtissier aux oeufs ou à  la parisienne;Flan pâtissier aux oeufs ou à  la parisienne;Flan with pie crust;CIQUAL;Pâtisseries et biscuits
VALUES;CIQUAL23531;Charlotte aux fruits;Charlotte aux fruits;Fruit charlotte, from bakery;CIQUAL;Pâtisseries et biscuits
VALUES;CIQUAL23585;Gâteau au chocolat;Gâteau au chocolat;Cake, chocolate;CIQUAL;Pâtisseries et biscuits
VALUES;CIQUAL23589;Gâteau au fromage blanc;Gâteau au fromage blanc;Cheesecake, from bakery;CIQUAL;Pâtisseries et biscuits
VALUES;CIQUAL23684;Galette des rois feuilletée, fourrée frangipane;Galette des rois feuilletée, fourrée frangipane;Twelfth Night cake;CIQUAL;Pâtisseries et biscuits
VALUES;CIQUAL23800;Crêpe au froment, nature;Crêpe au froment, nature;Crepe, plain;CIQUAL;Pâtisseries et biscuits
VALUES;CIQUAL23801;Crêpe ou galette bretonne au sarrasin;Crêpe ou galette bretonne au sarrasin;Buckwheat crepe;CIQUAL;Pâtisseries et biscuits
VALUES;CIQUAL23805;Blini;Blini;Blinis;CIQUAL;Boulangerie-viennoiserie
VALUES;CIQUAL23815;Crêpe au froment, sucrée;Crêpe au froment, sucrée;Crepe with sugar;CIQUAL;Pâtisseries et biscuits
VALUES;CIQUAL23820;Crêpe au froment, fourrée à  la confiture;Crêpe au froment, fourrée à  la confiture;Crepe, filled with jam;CIQUAL;Pâtisseries et biscuits
VALUES;CIQUAL23821;Crêpe au froment, fourrée au chocolat ou à  la pâte à  tartiner chocolat et noisettes;Crêpe au froment, fourrée au chocolat ou à  la pâte à  tartiner chocolat et noisettes;Crepe, filled with chocolate;CIQUAL;Pâtisseries et biscuits
VALUES;CIQUAL23855;Gaufre bruxelloise ou liégeoise, avec ou sans chocolat, préemballée;Gaufre bruxelloise ou liégeoise, avec ou sans chocolat, préemballée;Wafle, industrial;CIQUAL;Pâtisseries et biscuits
VALUES;CIQUAL23880;Beignet nature;Beignet nature;Doughnut, plain;CIQUAL;Boulangerie-viennoiserie
VALUES;CIQUAL23881;Beignet à  la confiture;Beignet à  la confiture;Doughnut, jam filled, from bakery;CIQUAL;Boulangerie-viennoiserie
VALUES;CIQUAL23883;Beignet aux fruits;Beignet aux fruits;Fritter, fruit;CIQUAL;Boulangerie-viennoiserie
VALUES;CIQUAL23900;Pâtisserie (aliment moyen);Pâtisserie (aliment moyen);Pastry (average);CIQUAL;Pâtisseries et biscuits
VALUES;CIQUAL23909;Cake aux fruits;Cake aux fruits;Fruit cake;CIQUAL;Pâtisseries et biscuits
VALUES;CIQUAL23939;Gâteau moelleux fourré au chocolat ou aux pépites de chocolat ou au lait;Gâteau moelleux fourré au chocolat ou aux pépites de chocolat ou au lait;Mini pound cake with chocolate filling;CIQUAL;Pâtisseries et biscuits
VALUES;CIQUAL23940;Gâteau moelleux fourré au chocolat multicouche;Gâteau moelleux fourré au chocolat multicouche;Multi-layer mini pound cake;CIQUAL;Pâtisseries et biscuits
VALUES;CIQUAL23941;Gâteau moelleux fourré aux fruits type mini-roulé ou mini-cake fourré;Gâteau moelleux fourré aux fruits type mini-roulé ou mini-cake fourré;Mini pound cake with fruit filling;CIQUAL;Pâtisseries et biscuits
VALUES;CIQUAL23950;Muffin, aux myrtilles ou au chocolat;Muffin, aux myrtilles ou au chocolat;Muffin, blueberry or chocolate;CIQUAL;Boulangerie-viennoiserie
VALUES;CIQUAL24000;Biscuit sec, tout type;Biscuit sec, tout type;Biscuit (cookie);CIQUAL;Pâtisseries et biscuits
VALUES;CIQUAL24002;Biscuit sec à  teneur garantie en vitamines;Biscuit sec à  teneur garantie en vitamines;Biscuit (cookie), vitamin enriched;CIQUAL;Pâtisseries et biscuits
VALUES;CIQUAL24003;Biscuit sec à  teneur garantie en vitamines et minéraux;Biscuit sec à  teneur garantie en vitamines et minéraux;Biscuit (cookie), vitamin and mineral enriched;CIQUAL;Pâtisseries et biscuits
VALUES;CIQUAL24004;Biscuit sec aux fruits, hyposodé;Biscuit sec aux fruits, hyposodé;Biscuit (cookie) with fruit, low sodium;CIQUAL;Pâtisseries et biscuits
VALUES;CIQUAL24007;Biscuit sec croquant au chocolat, allégé en matière grasse;Biscuit sec croquant au chocolat, allégé en matière grasse;Biscuit (cookie), light, chocolate;CIQUAL;Pâtisseries et biscuits
VALUES;CIQUAL24010;Biscuit sec, avec matière grasse végétale;Biscuit sec, avec matière grasse végétale;Biscuit (cookie), plain;CIQUAL;Pâtisseries et biscuits
VALUES;CIQUAL24015;Biscuit sec petit beurre;Biscuit sec petit beurre;Biscuit (cookie), butter, sweet;CIQUAL;Pâtisseries et biscuits
VALUES;CIQUAL24016;Biscuit sec avec tablette de chocolat;Biscuit sec avec tablette de chocolat;Biscuit (cookie) with chocolate square;CIQUAL;Pâtisseries et biscuits
VALUES;CIQUAL24031;Biscuit sec croquant (ex : tuile) sans chocolat, allégé en matière grasse;Biscuit sec croquant (ex : tuile) sans chocolat, allégé en matière grasse;Biscuit (cookie), light, without chocolate;CIQUAL;Pâtisseries et biscuits
VALUES;CIQUAL24034;Biscuit sec pour petit déjeuner;Biscuit sec pour petit déjeuner;Breakfast biscuit (cookie), dry;CIQUAL;Pâtisseries et biscuits
VALUES;CIQUAL24036;Biscuit sec chocolaté, préemballé;Biscuit sec chocolaté, préemballé;Biscuit (cookie), chocolat;CIQUAL;Pâtisseries et biscuits
VALUES;CIQUAL24037;Biscuit sec fourré à  la pâte ou purée de fruits;Biscuit sec fourré à  la pâte ou purée de fruits;Biscuit (cookie) with fruit filling;CIQUAL;Pâtisseries et biscuits
VALUES;CIQUAL24038;Biscuit sec avec nappage chocolat;Biscuit sec avec nappage chocolat;Biscuit (cookie), chocolate-covered;CIQUAL;Pâtisseries et biscuits
VALUES;CIQUAL24040;Biscuit sec pour petit déjeuner, au chocolat;Biscuit sec pour petit déjeuner, au chocolat;Breakfast biscuit (cookie), with chocolate, dry;CIQUAL;Pâtisseries et biscuits
VALUES;CIQUAL24049;Biscuit sec au beurre, sablé, galette ou palet;Biscuit sec au beurre, sablé, galette ou palet;Biscuit (cookie), shortbread, commercial;CIQUAL;Pâtisseries et biscuits
VALUES;CIQUAL24225;"Goûter sec fourré (sandwiché"") parfum lait ou vanille""";"Goûter sec fourré (sandwiché"") parfum lait ou vanille""";Biscuit (cookie), sandwich type, with vanilla or milk filling;CIQUAL;Pâtisseries et biscuits
VALUES;CIQUAL24231;"Goûter sec fourré (sandwiché"") parfum chocolat""";"Goûter sec fourré (sandwiché"") parfum chocolat""";Biscuit (cookie), snack with chocolate filling;CIQUAL;Pâtisseries et biscuits
VALUES;CIQUAL24310;Gaufrette fourrée, autre fourrage qu'aux fruits (chocolat, vanille, noisetteâŠ);Gaufrette fourrée, autre fourrage qu'aux fruits (chocolat, vanille, noisetteâŠ);Biscuit (cookie), wafer with filling;CIQUAL;Pâtisseries et biscuits
VALUES;CIQUAL24320;Gaufrette fourrée, aux fruits;Gaufrette fourrée, aux fruits;Biscuit (cookie), wafer with fruit filling;CIQUAL;Pâtisseries et biscuits
VALUES;CIQUAL24430;Biscuit sec aux oeufs à  la cuillère (cuiller) ou Boudoir;Biscuit sec aux oeufs à  la cuillère (cuiller) ou Boudoir;Biscuit (cookie), sponge fingers or Lady fingers;CIQUAL;Pâtisseries et biscuits
VALUES;CIQUAL24441;Langue de chat;Langue de chat;Biscuit (cookie), vanilla;CIQUAL;Pâtisseries et biscuits
VALUES;CIQUAL24520;Meringue;Meringue;Biscuit (cookie), meringue, from bakery;CIQUAL;Pâtisseries et biscuits
VALUES;CIQUAL24615;Biscuit sec ou tuile, aux amandes;Biscuit sec ou tuile, aux amandes;Biscuit (cookie), thin, with almonds;CIQUAL;Pâtisseries et biscuits
VALUES;CIQUAL24630;Madeleine;Madeleine;Madeleine biscuit (cookie);CIQUAL;Pâtisseries et biscuits
VALUES;CIQUAL24659;Biscuit sec feuilleté, type palmier ou autres;Biscuit sec feuilleté, type palmier ou autres;Biscuit (cookie), flaky pastry;CIQUAL;Pâtisseries et biscuits
VALUES;CIQUAL24660;Palmier, artisanal;Palmier, artisanal;Biscuit (cookie), flaky pastry, from bakery;CIQUAL;Pâtisseries et biscuits
VALUES;CIQUAL24666;Mille-feuilles;Mille-feuilles;Mille-feuille pastry, from bakery;CIQUAL;Pâtisseries et biscuits
VALUES;CIQUAL24678;Biscuit sec (génoise) nappé aux fruits, type barquette;Biscuit sec (génoise) nappé aux fruits, type barquette;Biscuit (cookie), boat-shaped, jam filled, commercial;CIQUAL;Pâtisseries et biscuits
VALUES;CIQUAL24680;Biscuit moelleux fourré à  l'orange et enrobé de sucre glace;Biscuit moelleux fourré à  l'orange et enrobé de sucre glace;Little sponge cake with orange filling, sugar iced;CIQUAL;Pâtisseries et biscuits
VALUES;CIQUAL24684;Cookie;Cookie;Biscuit (cookie), chocolate-chip;CIQUAL;Pâtisseries et biscuits
VALUES;CIQUAL24686;Génoise sèche fourrée aux fruits et nappée de chocolat;Génoise sèche fourrée aux fruits et nappée de chocolat;Biscuit (cookie), with fruit filling, chocolate-topped;CIQUAL;Pâtisseries et biscuits
VALUES;CIQUAL25001;Blanquette de veau;Blanquette de veau;Veal stew in white sauce;CIQUAL;Plats composés
VALUES;CIQUAL25002;Cassoulet, appertisé;Cassoulet, appertisé;Cassoulet, canned;CIQUAL;Plats composés
VALUES;CIQUAL25003;Choucroute garnie, appertisée;Choucroute garnie, appertisée;Sauerkraut with meat, canned;CIQUAL;Plats composés
VALUES;CIQUAL25004;Choucroute, sans jus;Choucroute, sans jus;Sauerkraut, drained;CIQUAL;Plats composés
VALUES;CIQUAL25009;Hachis Parmentier;Hachis Parmentier;Shepherd's pie;CIQUAL;Plats composés
VALUES;CIQUAL25010;Petit salé ou saucisse aux lentilles;Petit salé ou saucisse aux lentilles;Lentils with salt-cured pork or sausage;CIQUAL;Plats composés
VALUES;CIQUAL25013;Pot-au-feu;Pot-au-feu;Pot-au-feu;CIQUAL;Plats composés
VALUES;CIQUAL25018;Ratatouille nià§oise;Ratatouille nià§oise;Ratatouille;CIQUAL;Plats composés
VALUES;CIQUAL25019;Ravioli viande, sauce tomate;Ravioli viande, sauce tomate;Ravioli with meat and tomato sauce, canned;CIQUAL;Plats composés
VALUES;CIQUAL25020;Soufflé au fromage;Soufflé au fromage;Cheese soufflé;CIQUAL;Plats composés
VALUES;CIQUAL25029;Couscous mouton;Couscous mouton;Couscous with mutton;CIQUAL;Plats composés
VALUES;CIQUAL25031;Paella;Paella;Paà«lla;CIQUAL;Plats composés
VALUES;CIQUAL25033;Boeuf bourguignon;Boeuf bourguignon;Beef stew, Burgundy-style;CIQUAL;Plats composés
VALUES;CIQUAL25049;Poisson avec tagliatelles;Poisson avec tagliatelles;Fish with tagliatelles and cream;CIQUAL;Plats composés
VALUES;CIQUAL25051;Paella, surgelée;Paella, surgelée;Paà«lla, frozen;CIQUAL;Plats composés
VALUES;CIQUAL25056;Gratin dauphinois;Gratin dauphinois;Creamed potatoes, Dauphiné-style;CIQUAL;Plats composés
VALUES;CIQUAL25057;Poêlée savoyarde;Poêlée savoyarde;Potato, cheese and wine dish;CIQUAL;Plats composés
VALUES;CIQUAL25065;Boeuf carottes;Boeuf carottes;Beef with carrots, canned;CIQUAL;Plats composés
VALUES;CIQUAL25067;Osso buco à  la milanaise;Osso buco à  la milanaise;Veal osso buco;CIQUAL;Plats composés
VALUES;CIQUAL25071;Potée auvergnate;Potée auvergnate;Stew of sausages with cabbage and root vegetables;CIQUAL;Plats composés
VALUES;CIQUAL25080;Cannelloni à  la viande;Cannelloni à  la viande;Cannelloni, meat;CIQUAL;Plats composés
VALUES;CIQUAL25081;Lasagne à  la bolognaise;Lasagne à  la bolognaise;Lasagne with bolognese sauce;CIQUAL;Plats composés
VALUES;CIQUAL25085;Pâtes à  la bolognaise (spaghetti, tagliatelles);Pâtes à  la bolognaise (spaghetti, tagliatelles);Pasta with bolognese sauce;CIQUAL;Plats composés
VALUES;CIQUAL25088;Riz cantonnais;Riz cantonnais;Rice, fried, Canton style;CIQUAL;Plats composés
VALUES;CIQUAL25089;Cordon bleu de volaille;Cordon bleu de volaille;Poultry filled with cheese and ham;CIQUAL;Plats composés
VALUES;CIQUAL25092;Poulet basquaise au riz;Poulet basquaise au riz;Chicken, Basque style, with rice;CIQUAL;Plats composés
VALUES;CIQUAL25093;Poulet basquaise aux pâtes;Poulet basquaise aux pâtes;Chicken, Basque style, with pasta;CIQUAL;Plats composés
VALUES;CIQUAL25103;Tomate farcie;Tomate farcie;Stuffed tomatoes;CIQUAL;Plats composés
VALUES;CIQUAL25108;Samossas ou samoussas;Samossas ou samoussas;Samosas;CIQUAL;Plats composés
VALUES;CIQUAL25109;Spaghetti, sauce tomate;Spaghetti, sauce tomate;Spaghetti with tomato sauce;CIQUAL;Plats composés
VALUES;CIQUAL25111;Chili con carne;Chili con carne;Chili con carne;CIQUAL;Plats composés
VALUES;CIQUAL25116;Poulet au curry, avec riz ou semoule, préemballé;Poulet au curry, avec riz ou semoule, préemballé;Chicken curry, with rice;CIQUAL;Plats composés
VALUES;CIQUAL25121;Coq au vin;Coq au vin;Coq au vin;CIQUAL;Plats composés
VALUES;CIQUAL25122;Gratin de pâtes;Gratin de pâtes;Pasta au gratin;CIQUAL;Plats composés
VALUES;CIQUAL25123;Moussaka;Moussaka;Moussaka;CIQUAL;Plats composés
VALUES;CIQUAL25124;Navarin d'agneau;Navarin d'agneau;Lamb navarin;CIQUAL;Plats composés
VALUES;CIQUAL25125;Paupiette de veau;Paupiette de veau;Veal paupiette;CIQUAL;Plats composés
VALUES;CIQUAL25126;Paupiette de volaille;Paupiette de volaille;Poultry paupiette;CIQUAL;Plats composés
VALUES;CIQUAL25127;Couscous royal à  la viande;Couscous royal à  la viande;Couscous with mutton and beef;CIQUAL;Plats composés
VALUES;CIQUAL25130;Gratin d'endives et jambon;Gratin d'endives et jambon;Witlof and ham au gratin;CIQUAL;Plats composés
VALUES;CIQUAL25135;Pâtes à  la carbonara;Pâtes à  la carbonara;Pasta with carbonara sauce;CIQUAL;Plats composés
VALUES;CIQUAL25137;Tartiflette;Tartiflette;Tartiflette;CIQUAL;Plats composés
VALUES;CIQUAL25138;Couscous au poulet;Couscous au poulet;Couscous with chicken;CIQUAL;Plats composés
VALUES;CIQUAL25144;Poisson à  la provenà§ale et riz;Poisson à  la provenà§ale et riz;Fish with tomato sauce and rice;CIQUAL;Plats composés
VALUES;CIQUAL25146;Poisson sauce oseille;Poisson sauce oseille;Fish in sorrel sauce;CIQUAL;Plats composés
VALUES;CIQUAL25151;Feuilleté au saumon;Feuilleté au saumon;Salmon in puff pastry;CIQUAL;Plats composés
VALUES;CIQUAL25156;Ravioli au fromage, cuit;Ravioli au fromage, cuit;Ravioli with cheese, cooked;CIQUAL;Plats composés
VALUES;CIQUAL25159;Tajine de mouton;Tajine de mouton;Mutton tajine;CIQUAL;Plats composés
VALUES;CIQUAL25162;Gratin de légumes;Gratin de légumes;Vegetables au gratin;CIQUAL;Plats composés
VALUES;CIQUAL25163;Boeuf, boulettes cuites;Boeuf, boulettes cuites;Beef, meat balls, cooked;CIQUAL;Plats composés
VALUES;CIQUAL25172;Viande en sauce (aliment moyen);Viande en sauce (aliment moyen);Meat in sauce (average);CIQUAL;Plats composés
VALUES;CIQUAL25173;Veau, escalope panée, cuite;Veau, escalope panée, cuite;Veal cutlet, breaded, cooked;CIQUAL;Plats composés
VALUES;CIQUAL25174;Poulet au curry;Poulet au curry;Chicken curry;CIQUAL;Plats composés
VALUES;CIQUAL25400;Croque-monsieur;Croque-monsieur;Grilled cheese & ham sandwich;CIQUAL;Sandwichs
VALUES;CIQUAL25401;Friand au fromage;Friand au fromage;Puff pastry with cheese;CIQUAL;Plats composés
VALUES;CIQUAL25402;Friand à  la viande;Friand à  la viande;Pastry filled with paté;CIQUAL;Plats composés
VALUES;CIQUAL25403;Hot-dog;Hot-dog;Hot-dog;CIQUAL;Sandwichs
VALUES;CIQUAL25404;Pizza fromage;Pizza fromage;Pizza, tomato and cheese;CIQUAL;Plats composés
VALUES;CIQUAL25405;Quiche lorraine;Quiche lorraine;Quiche lorraine;CIQUAL;Plats composés
VALUES;CIQUAL25409;Crêpe fourrée béchamel jambon;Crêpe fourrée béchamel jambon;Crepe, stuffed with ham;CIQUAL;Plats composés
VALUES;CIQUAL25410;Crêpe fourrée béchamel jambon fromage;Crêpe fourrée béchamel jambon fromage;Crepe, stuffed with ham and cheese;CIQUAL;Plats composés
VALUES;CIQUAL25412;Bouchée à  la reine, au poulet;Bouchée à  la reine, au poulet;Vol-au-vent with chicken;CIQUAL;Plats composés
VALUES;CIQUAL25413;Hamburger;Hamburger;Hamburger, regular, fast foods restaurant;CIQUAL;Sandwichs
VALUES;CIQUAL25414;Cheeseburger;Cheeseburger;Cheeseburger, fast foods restaurant;CIQUAL;Sandwichs
VALUES;CIQUAL25415;Double cheeseburger;Double cheeseburger;Cheeseburger, double, fast foods restaurant;CIQUAL;Sandwichs
VALUES;CIQUAL25417;Tarte aux légumes;Tarte aux légumes;Vegetable quiche, from delicatessen or bakery;CIQUAL;Plats composés
VALUES;CIQUAL25418;Croissant au jambon;Croissant au jambon;Croissant with ham, from bakery;CIQUAL;Sandwichs
VALUES;CIQUAL25419;Rouleau de printemps;Rouleau de printemps;Summer roll;CIQUAL;Plats composés
VALUES;CIQUAL25420;Nem ou Pâté impérial;Nem ou Pâté impérial;Egg roll or Nem;CIQUAL;Plats composés
VALUES;CIQUAL25422;Sandwich baguette, merguez frites;Sandwich baguette, merguez frites;Sandwich on french bread, sausage-chips (french fries);CIQUAL;Sandwichs
VALUES;CIQUAL25428;Sandwich grec ou Döner kebap, pita, avec crudités;Sandwich grec ou Döner kebap, pita, avec crudités;Sandwich on pita bread, gyros or kebab, lettuce & tomato, mayonnaise;CIQUAL;Sandwichs
VALUES;CIQUAL25429;Sandwich grec ou Kebab, baguette, avec crudités;Sandwich grec ou Kebab, baguette, avec crudités;Sandwich on french bread, gyros or kebab, lettuce & tomato, mayonnaise;CIQUAL;Sandwichs
VALUES;CIQUAL25431;Sandwich baguette, thon, crudités (tomate, salade), mayonnaise;Sandwich baguette, thon, crudités (tomate, salade), mayonnaise;Sandwich on french bread, tuna, lettuce & tomato, mayonnaise;CIQUAL;Sandwichs
VALUES;CIQUAL25433;Accra de morue;Accra de morue;Cod fritters;CIQUAL;Plats composés
VALUES;CIQUAL25434;Sandwich panini, jambon cru, mozzarella, tomates;Sandwich panini, jambon cru, mozzarella, tomates;Sandwich on panini bread, raw ham, mozarella and tomatoes;CIQUAL;Sandwichs
VALUES;CIQUAL25435;Pizza jambon fromage;Pizza jambon fromage;Pizza, ham and cheese;CIQUAL;Plats composés
VALUES;CIQUAL25437;Gougère, faite maison;Gougère, faite maison;Cheese chou-pastry puff;CIQUAL;Plats composés
VALUES;CIQUAL25438;Brick garni (garniture : crevettes, légumes, volaille, viande, poisson,âŠ);Brick garni (garniture : crevettes, légumes, volaille, viande, poisson,âŠ);Brik pastry, filled (vegetables, shrimp or meat);CIQUAL;Plats composés
VALUES;CIQUAL25444;Tarte au fromage;Tarte au fromage;Cheese and egg quiche;CIQUAL;Plats composés
VALUES;CIQUAL25472;Pizza 4 saisons;Pizza 4 saisons;Pizza, 4 seasons;CIQUAL;Plats composés
VALUES;CIQUAL25475;Sandwich baguette, jambon, oeuf dur, crudités (tomate, salade), beurre;Sandwich baguette, jambon, oeuf dur, crudités (tomate, salade), beurre;Sandwich on french bread, ham, egg, tomato, lettuce, butter;CIQUAL;Sandwichs
VALUES;CIQUAL25476;Sandwich baguette, poulet, crudités (tomate, salade), mayonnaise;Sandwich baguette, poulet, crudités (tomate, salade), mayonnaise;Sandwich on french bread, chicken, lettuce & tomato, mayonnaise;CIQUAL;Sandwichs
VALUES;CIQUAL25478;Pizza 4 fromages;Pizza 4 fromages;Pizza, 4 cheese;CIQUAL;Plats composés
VALUES;CIQUAL25488;Sandwich baguette, saumon fumé, beurre;Sandwich baguette, saumon fumé, beurre;Sandwich on french bread, smoked salmon and butter;CIQUAL;Sandwichs
VALUES;CIQUAL25503;Bouchée à  la reine, au poisson et fruits de mer;Bouchée à  la reine, au poisson et fruits de mer;Vol-au-vent with seafood;CIQUAL;Plats composés
VALUES;CIQUAL25504;Brochette de volaille;Brochette de volaille;Kebab, poultry;CIQUAL;Plats composés
VALUES;CIQUAL25505;Brochette de boeuf;Brochette de boeuf;Kebab, beef;CIQUAL;Plats composés
VALUES;CIQUAL25506;Brochette mixte de viande;Brochette mixte de viande;Kebab, mixed meat;CIQUAL;Plats composés
VALUES;CIQUAL25508;Feuilleté fourré béchamel jambon fromage;Feuilleté fourré béchamel jambon fromage;Puff pastry with ham, cheese and becamel sauce;CIQUAL;Plats composés
VALUES;CIQUAL25509;Fondue savoyarde;Fondue savoyarde;Cheese fondu;CIQUAL;Plats composés
VALUES;CIQUAL25511;Légumes farcis (sauf tomate);Légumes farcis (sauf tomate);Stuffed vegetables (excluding tomato);CIQUAL;Plats composés
VALUES;CIQUAL25512;Nuggets de volaille;Nuggets de volaille;Chicken nuggets;CIQUAL;Plats composés
VALUES;CIQUAL25513;Pan bagna;Pan bagna;Sandwich, tuna and vegetable;CIQUAL;Sandwichs
VALUES;CIQUAL25515;"Pizza spéciale""""";"Pizza spéciale""""";Pizza, various toppings;CIQUAL;Plats composés
VALUES;CIQUAL25516;Pizza (aliment moyen);Pizza (aliment moyen);Pizza (average);CIQUAL;Plats composés
VALUES;CIQUAL25517;Sandwich baguette, jambon, beurre;Sandwich baguette, jambon, beurre;Sandwich on french bread, ham and butter;CIQUAL;Sandwichs
VALUES;CIQUAL25518;Sandwich baguette, camembert, beurre;Sandwich baguette, camembert, beurre;Sandwich on french bread, camembert and butter;CIQUAL;Sandwichs
VALUES;CIQUAL25519;Sandwich baguette, pâté, cornichons;Sandwich baguette, pâté, cornichons;Sandwich on french bread, paté and pickles;CIQUAL;Sandwichs
VALUES;CIQUAL25520;Sandwich baguette, saucisson sec, beurre;Sandwich baguette, saucisson sec, beurre;Sandwich on french bread, dry sausage and butter;CIQUAL;Sandwichs
VALUES;CIQUAL25521;Sandwich baguette, jambon, emmental, beurre;Sandwich baguette, jambon, emmental, beurre;Sandwich on french bread, emmental cheese and butter;CIQUAL;Sandwichs
VALUES;CIQUAL25522;Sandwich (aliment moyen);Sandwich (aliment moyen);Sandwich (average);CIQUAL;Sandwichs
VALUES;CIQUAL25523;Toasts salés, garnitures diverses;Toasts salés, garnitures diverses;Canapés (toasts with various toppings);CIQUAL;Plats composés
VALUES;CIQUAL25524;Tomates provenà§ales;Tomates provenà§ales;Tomatoes, grilled with garlic breadcrumbs;CIQUAL;Plats composés
VALUES;CIQUAL25526;Pizza jambon fromage champignons ou Pizza royale, surgelée;Pizza jambon fromage champignons ou Pizza royale, surgelée;Pizza, cheese and mushrooms, frozen;CIQUAL;Plats composés
VALUES;CIQUAL25530;Sandwich baguette, crudités diverses, mayonnaise;Sandwich baguette, crudités diverses, mayonnaise;Sandwich on french bread, vegetables and mayonnaise;CIQUAL;Sandwichs
VALUES;CIQUAL25531;Sandwich baguette, dinde, crudités (tomate, salade), mayonnaise;Sandwich baguette, dinde, crudités (tomate, salade), mayonnaise;Sandwich on french bread, turkey, lettuce & tomato, mayonnaise;CIQUAL;Sandwichs
VALUES;CIQUAL25532;Sandwich baguette, oeuf, crudités (tomate, salade), mayonnaise;Sandwich baguette, oeuf, crudités (tomate, salade), mayonnaise;Sandwich on french bread, egg, lettuce & tomato, mayonnaise;CIQUAL;Sandwichs
VALUES;CIQUAL25533;Sandwich baguette, porc, crudités (tomate, salade), mayonnaise;Sandwich baguette, porc, crudités (tomate, salade), mayonnaise;Sandwich on french bread, pork, lettuce & tomato, mayonnaise;CIQUAL;Sandwichs
VALUES;CIQUAL25535;Sandwich baguette, merguez, ketchup moutarde;Sandwich baguette, merguez, ketchup moutarde;Sandwich on french bread, sausage, ketchup & mustard;CIQUAL;Sandwichs
VALUES;CIQUAL25536;Sandwich baguette, salami, beurre;Sandwich baguette, salami, beurre;Sandwich on french bread, salami and butter;CIQUAL;Sandwichs
VALUES;CIQUAL25537;Carpaccio de saumon;Carpaccio de saumon;Salmon carpaccio;CIQUAL;Plats composés
VALUES;CIQUAL25538;Carpaccio de boeuf;Carpaccio de boeuf;Beef carpaccio;CIQUAL;Plats composés
VALUES;CIQUAL25539;Brochette de poisson;Brochette de poisson;Kebab, fish;CIQUAL;Plats composés
VALUES;CIQUAL25540;Brochette de crevettes;Brochette de crevettes;Kebab, shrimp;CIQUAL;Plats composés
VALUES;CIQUAL25541;Brochette d'agneau;Brochette d'agneau;Kebab, lamb;CIQUAL;Plats composés
VALUES;CIQUAL25542;Croque-madame;Croque-madame;Grilled cheese, ham & egg sandwich;CIQUAL;Sandwichs
VALUES;CIQUAL25543;Sandwich baguette (aliment moyen);Sandwich baguette (aliment moyen);Sandwich on french bread (average);CIQUAL;Sandwichs
VALUES;CIQUAL25544;Sandwich pain de mie, garnitures diverses (aliment moyen);Sandwich pain de mie, garnitures diverses (aliment moyen);Sandwich on loaf bread (average);CIQUAL;Sandwichs
VALUES;CIQUAL25545;Fromage pané;Fromage pané;Cheese, breaded;CIQUAL;Plats composés
VALUES;CIQUAL25546;Fromage pané au jambon;Fromage pané au jambon;Cheese and ham, breaded;CIQUAL;Plats composés
VALUES;CIQUAL25548;Pizza jambon fromage champignons ou Pizza royale;Pizza jambon fromage champignons ou Pizza royale;Pizza, cheese and mushrooms;CIQUAL;Plats composés
VALUES;CIQUAL25549;Crêpe fourrée béchamel fromage;Crêpe fourrée béchamel fromage;Crepe, stuffed with cheese;CIQUAL;Plats composés
VALUES;CIQUAL25550;Flammenkueche ou Tarte flambée aux lardons;Flammenkueche ou Tarte flambée aux lardons;Flammenkueche (Alsacian ''pizza'' with bacon & cream);CIQUAL;Plats composés
VALUES;CIQUAL25551;Beignet de viande, volaille ou poisson, fait maison;Beignet de viande, volaille ou poisson, fait maison;Meat, poultry or fish fritters, home made;CIQUAL;Plats composés
VALUES;CIQUAL25552;Crêpe fourrée béchamel jambon fromage champignon;Crêpe fourrée béchamel jambon fromage champignon;Crepe, stuffed with ham, cheese and mushrooms;CIQUAL;Plats composés
VALUES;CIQUAL25553;Tourte aux poireaux;Tourte aux poireaux;Leek pie;CIQUAL;Plats composés
VALUES;CIQUAL25554;Tarte provenà§ale à  la tomate;Tarte provenà§ale à  la tomate;Tomato pie;CIQUAL;Plats composés
VALUES;CIQUAL25555;Tarte saumon et oseille;Tarte saumon et oseille;Salmon and sorrel quiche;CIQUAL;Plats composés
VALUES;CIQUAL25556;Beignet de légumes, fait maison (aliment moyen);Beignet de légumes, fait maison (aliment moyen);Vegetable fritter, home made (average);CIQUAL;Plats composés
VALUES;CIQUAL31100;Barre céréalière à  base de céréales pour petit déjeuner et de lait, enrichie en vitamines et minéraux;Barre céréalière à  base de céréales pour petit déjeuner et de lait, enrichie en vitamines et minéraux;Breakfast bar, enriched in vitamins and minerals;CIQUAL;Céréales petit déjeuner et barres céréalières
VALUES;CIQUAL31101;"Barre céréalière ligne"" aux fruits, enrichie en vitamines et minéraux""";"Barre céréalière ligne"" aux fruits, enrichie en vitamines et minéraux""";Cereal bar with fruit, enriched in vitamins and minerals;CIQUAL;Céréales petit déjeuner et barres céréalières
VALUES;CIQUAL31102;"Barre céréalière ligne"" au chocolat, enrichie en vitamines et minéraux""";"Barre céréalière ligne"" au chocolat, enrichie en vitamines et minéraux""";Cereal bar with chocolate, enriched in vitamins and minerals;CIQUAL;Céréales petit déjeuner et barres céréalières
VALUES;CIQUAL31104;Barre céréalière diététique hypocalorique;Barre céréalière diététique hypocalorique;Cereal bar, low calorie;CIQUAL;Céréales petit déjeuner et barres céréalières
VALUES;CIQUAL31106;Barre céréalière chocolatée;Barre céréalière chocolatée;Cereal bar, chocolate;CIQUAL;Céréales petit déjeuner et barres céréalières
VALUES;CIQUAL31113;Barre céréalière aux fruits;Barre céréalière aux fruits;Cereal bar with fruit;CIQUAL;Céréales petit déjeuner et barres céréalières
VALUES;CIQUAL31114;Barre céréalière aux amandes ou noisettes;Barre céréalière aux amandes ou noisettes;Cereal bar with nuts;CIQUAL;Céréales petit déjeuner et barres céréalières
VALUES;CIQUAL32000;Grains de blé soufflés au miel ou caramel, enrichis en vitamines et minéraux;Grains de blé soufflés au miel ou caramel, enrichis en vitamines et minéraux;Breakfast cereals, puffed wheat, honey or caramel, enriched;CIQUAL;Céréales petit déjeuner et barres céréalières
VALUES;CIQUAL32001;Céréales pour petit déjeuner chocolatées sucrées, non fourrées, enrichies en vitamines et minéraux;Céréales pour petit déjeuner chocolatées sucrées, non fourrées, enrichies en vitamines et minéraux;Breakfast cereals, chocolate, without filling, enriched;CIQUAL;Céréales petit déjeuner et barres céréalières
VALUES;CIQUAL32002;Céréales pour petit déjeuner riches en fibres, enrichies en vitamines et minéraux;Céréales pour petit déjeuner riches en fibres, enrichies en vitamines et minéraux;Breakfast cereals, rich in fibre, enriched;CIQUAL;Céréales petit déjeuner et barres céréalières
VALUES;CIQUAL32003;Céréales pour petit déjeuner sucrées (aliment moyen);Céréales pour petit déjeuner sucrées (aliment moyen);Breakfast cereals, sweet (average);CIQUAL;Céréales petit déjeuner et barres céréalières
VALUES;CIQUAL32004;Muesli (aliment moyen);Muesli (aliment moyen);Muesli (average);CIQUAL;Céréales petit déjeuner et barres céréalières
VALUES;CIQUAL32005;Pétales de maïs natures, enrichis en vitamines et minéraux;Pétales de maïs natures, enrichis en vitamines et minéraux;Breakfast cereals, corn flakes, plain, enriched;CIQUAL;Céréales petit déjeuner et barres céréalières
VALUES;CIQUAL32006;Riz soufflé nature, enrichi en vitamines et minéraux;Riz soufflé nature, enrichi en vitamines et minéraux;Breakfast cereals, puffed rice, enriched;CIQUAL;Céréales petit déjeuner et barres céréalières
VALUES;CIQUAL32009;Pétales de blé chocolatés, enrichis en vitamines et minéraux;Pétales de blé chocolatés, enrichis en vitamines et minéraux;Breakfast cereals, wheat flakes, chocolate, enriched;CIQUAL;Céréales petit déjeuner et barres céréalières
VALUES;CIQUAL32016;Céréales pour petit déjeuner fourrées au chocolat ou chocolat-noisettes, enrichies en vitamines et minéraux;Céréales pour petit déjeuner fourrées au chocolat ou chocolat-noisettes, enrichies en vitamines et minéraux;Breakfast cereals, chocolate filling, enriched;CIQUAL;Céréales petit déjeuner et barres céréalières
VALUES;CIQUAL32018;Céréales pour petit déjeuner fourrées, fourrage autre que chocolat, enrichies en vitamines et minéraux;Céréales pour petit déjeuner fourrées, fourrage autre que chocolat, enrichies en vitamines et minéraux;Breakfast cereals, with filling (no chocolate), enriched;CIQUAL;Céréales petit déjeuner et barres céréalières
VALUES;CIQUAL32021;"Céréales pour petit déjeuner ligne"" nature, enrichies en vitamines et minéraux""";"Céréales pour petit déjeuner ligne"" nature, enrichies en vitamines et minéraux""";Breakfast cereals, diet, plain, enriched;CIQUAL;Céréales petit déjeuner et barres céréalières
VALUES;CIQUAL32022;"Céréales pour petit déjeuner ligne"" au chocolat, enrichies en vitamines et minéraux""";"Céréales pour petit déjeuner ligne"" au chocolat, enrichies en vitamines et minéraux""";Breakfast cereals, diet, with chocolat, enriched;CIQUAL;Céréales petit déjeuner et barres céréalières
VALUES;CIQUAL32023;"Céréales pour petit déjeuner ligne"" aux fruits, enrichies en vitamines et minéraux""";"Céréales pour petit déjeuner ligne"" aux fruits, enrichies en vitamines et minéraux""";Breakfast cereals, diet, with fruit, enriched;CIQUAL;Céréales petit déjeuner et barres céréalières
VALUES;CIQUAL32110;Muesli floconneux aux fruits ou fruits secs, enrichi en vitamines et minéraux;Muesli floconneux aux fruits ou fruits secs, enrichi en vitamines et minéraux;Muesli, Bircher style, enriched;CIQUAL;Céréales petit déjeuner et barres céréalières
VALUES;CIQUAL32111;Muesli croustillant aux fruits ou fruits secs, enrichi en vitamines et minéraux;Muesli croustillant aux fruits ou fruits secs, enrichi en vitamines et minéraux;Muesli, crunchy, with fruits, enriched;CIQUAL;Céréales petit déjeuner et barres céréalières
VALUES;CIQUAL32112;Muesli croustillant au chocolat, enrichi en vitamines et minéraux;Muesli croustillant au chocolat, enrichi en vitamines et minéraux;Muesli, crunchy, with chocolate, enriched;CIQUAL;Céréales petit déjeuner et barres céréalières
VALUES;CIQUAL32113;Muesli floconneux aux fruits ou fruits secs, sans sucre ajouté;Muesli floconneux aux fruits ou fruits secs, sans sucre ajouté;Muesli, Bircher style, no added sugar;CIQUAL;Céréales petit déjeuner et barres céréalières
VALUES;CIQUAL32114;Muesli floconneux aux fruits ou fruits secs, allégé en matière grasse, enrichi en vitamines et minéraux;Muesli floconneux aux fruits ou fruits secs, allégé en matière grasse, enrichi en vitamines et minéraux;Muesli, Bircher style, enriched, low fat;CIQUAL;Céréales petit déjeuner et barres céréalières
VALUES;CIQUAL32115;Grains de blé soufflés chocolatés, enrichis en vitamines et minéraux;Grains de blé soufflés chocolatés, enrichis en vitamines et minéraux;Breakfast cereals, puffed wheat, chocolate , enriched;CIQUAL;Céréales petit déjeuner et barres céréalières
VALUES;CIQUAL32116;Céréales pour petit déjeuner très riches en fibres, enrichies en vitamines et minéraux;Céréales pour petit déjeuner très riches en fibres, enrichies en vitamines et minéraux;Breakfast cereals, very rich in fibre, enriched;CIQUAL;Céréales petit déjeuner et barres céréalières
VALUES;CIQUAL32121;Pétales de maïs glacés au sucre, enrichis en vitamines et minéraux;Pétales de maïs glacés au sucre, enrichis en vitamines et minéraux;Breakfast cereals, corn flakes, sugar frosted, enriched;CIQUAL;Céréales petit déjeuner et barres céréalières
VALUES;CIQUAL32123;Pétales de blé avec noix, noisettes ou amandes, enrichis en vitamines et minéraux;Pétales de blé avec noix, noisettes ou amandes, enrichis en vitamines et minéraux;Breakfast cereals, wheat flakes with fruit or nuts, enriched;CIQUAL;Céréales petit déjeuner et barres céréalières
VALUES;CIQUAL32131;Riz soufflé au chocolat, enrichi en vitamines et minéraux;Riz soufflé au chocolat, enrichi en vitamines et minéraux;Breakfast cereals, puffed rice, chocolate, enriched;CIQUAL;Céréales petit déjeuner et barres céréalières
VALUES;CIQUAL32132;Boules de maïs soufflées chocolatées, enrichies en vitamines et minéraux;Boules de maïs soufflées chocolatées, enrichies en vitamines et minéraux;Breakfast cereals, popped or extruded corn, chocolate;CIQUAL;Céréales petit déjeuner et barres céréalières
VALUES;CIQUAL32133;Boules de maïs soufflées au miel, enrichies en vitamines et minéraux;Boules de maïs soufflées au miel, enrichies en vitamines et minéraux;Breakfast cereals, popped or extruded corn, honey, enriched;CIQUAL;Céréales petit déjeuner et barres céréalières
VALUES;CIQUAL32135;Multi-céréales soufflées ou extrudées, enrichies en vitamines et minéraux;Multi-céréales soufflées ou extrudées, enrichies en vitamines et minéraux;Breakfast cereals, multi-cereal, puffed or extruded, enriched;CIQUAL;Céréales petit déjeuner et barres céréalières
VALUES;CIQUAL38105;Chips de maïs ou tortilla chips;Chips de maïs ou tortilla chips;Tortilla chips;CIQUAL;Pâtisseries et biscuits
VALUES;CIQUAL38106;Biscuit apéritif soufflé, à  base de pomme de terre;Biscuit apéritif soufflé, à  base de pomme de terre;Cocktail biscuit, potato-based;CIQUAL;Pâtisseries et biscuits
VALUES;CIQUAL38400;Biscuit apéritif soufflé, à  base de maïs, sans cacahuète;Biscuit apéritif soufflé, à  base de maïs, sans cacahuète;Cocktail biscuit, extruded, salted;CIQUAL;Pâtisseries et biscuits
VALUES;CIQUAL38401;Biscuit apéritif, crackers, garni ou fourré, au fromage;Biscuit apéritif, crackers, garni ou fourré, au fromage;Cocktail biscuit with cheese-topping or filling;CIQUAL;Pâtisseries et biscuits
VALUES;CIQUAL38402;Biscuit apéritif, crackers, nature;Biscuit apéritif, crackers, nature;Cocktail biscuit without cheese;CIQUAL;Pâtisseries et biscuits
VALUES;CIQUAL38403;Biscuit apéritif, crackers, allégé en matière grasse;Biscuit apéritif, crackers, allégé en matière grasse;Cocktail biscuit, low fat;CIQUAL;Pâtisseries et biscuits
