PATH;/System/Characts/bcpg:entityLists/Ings;;;;
TYPE;bcpg:ing;;;;
COLUMNS;cm:name;bcpg:ingType;bcpg:ingCEECode;bcpg:legalName;bcpg:legalName_en
;;;;;
#;http://passion-cuisine.skynetblogs.be/archive/2008/01/05/les-parties-du-boeuf.html;;;;
VALUES;Entrecôte de boeuf;Ingrédient;;Entrecôte de boeuf;Beef steak
VALUES;Faux-filet ou filet de boeuf;Ingrédient;;Faux-filet ou filet de boeuf;Beef sirloin or tenderloin
VALUES;Rumsteck de boeuf;Ingrédient;;Rumsteck de boeuf;Beef rump
VALUES;Culotte de boeuf;Ingrédient;;Culotte de boeuf;Beef panties
VALUES;Gîte de boeuf;Ingrédient;;Gîte de boeuf;Beef cottage
VALUES;Tranche grasse et aiguillette de boeuf;Ingrédient;;Tranche grasse et aiguillette de boeuf;Beef knuckle and lanyard
VALUES;Paleron de boeuf;Ingrédient;;Paleron de boeuf;Beef chuck
VALUES;Macreuse de boeuf;Ingrédient;;Macreuse de boeuf;Beef scoter
VALUES;Talon de boeuf;Ingrédient;;Talon de boeuf;Beef heel
VALUES;Griffe de boeuf;Ingrédient;;Griffe de boeuf;Beef claw
VALUES;Bavette de boeuf;Ingrédient;;Bavette de boeuf;Beef steak
VALUES;Collier de boeuf;Ingrédient;;Collier de boeuf;Beef necklace
VALUES;Poitrine de boeuf;Ingrédient;;Poitrine de boeuf;Beef chest
VALUES;Crosse de boeuf;Ingrédient;;Crosse de boeuf;Beef stick
VALUES;Gîte avant de boeuf;Ingrédient;;Gîte avant de boeuf;Beef before bed
VALUES;Plat de côtes de boeuf;Ingrédient;;Plat de côtes de boeuf;Beef short ribs
VALUES;Poitrine de boeuf;Ingrédient;;Poitrine de boeuf;Beef chest
VALUES;Tendron de boeuf;Ingrédient;;Tendron de boeuf;Beef brisket
VALUES;Flanchet de boeuf;Ingrédient;;Flanchet de boeuf;Beef flank
VALUES;Gîte arrière de boeuf;Ingrédient;;Gîte arrière de boeuf;Beef back heel
VALUES;Cervelle de boeuf;Ingrédient;;Cervelle de boeuf;Beef brain
VALUES;Coeur de boeuf;Ingrédient;;Coeur de boeuf;Beef heart
VALUES;Foie de boeuf;Ingrédient;;Foie de boeuf;Beef liver
VALUES;Langue de boeuf;Ingrédient;;Langue de boeuf;Beef tongue
VALUES;Rognons de boeuf;Ingrédient;;Rognons de boeuf;Beef kidney
VALUES;Tête de boeuf;Ingrédient;;Tête de boeuf;Beef head
VALUES;Tripes de boeuf;Ingrédient;;Tripes de boeuf;Beef tripe
;;;;;
VALUES;Carré couvert de mouton;Ingrédient;;Carré couvert de mouton;Sheep rack
VALUES;Filet de mouton;Ingrédient;;Filet de mouton;Sheep netting
VALUES;Selle de mouton;Ingrédient;;Selle de mouton;Lamb saddle
VALUES;Gigot de mouton;Ingrédient;;Gigot de mouton;Mouton lamb
VALUES;Carré découvert de mouton;Ingrédient;;Carré découvert de mouton;Mouton square discovered
VALUES;Épaule de mouton;Ingrédient;;Épaule de mouton;Lamb shoulder
VALUES;Collier de mouton;Ingrédient;;Collier de mouton;Mouton collar
VALUES;Haut de côtelettes de mouton;Ingrédient;;Haut de côtelettes de mouton;Mutton chops up
VALUES;Poitrine de mouton;Ingrédient;;Poitrine de mouton;Mouton chest
VALUES;Cervelle de mouton;Ingrédient;;Cervelle de mouton;Sheep brains
VALUES;Coeur de mouton;Ingrédient;;Coeur de mouton;Sheep heart
VALUES;Foie de mouton;Ingrédient;;Foie de mouton;Sheep liver
VALUES;Langue de mouton;Ingrédient;;Langue de mouton;Mouton language
VALUES;Rognons de mouton;Ingrédient;;Rognons de mouton;Sheep kidney
;;;;;
VALUES;Côtes secondes de veau;Ingrédient;;Côtes secondes de veau;Veal rib seconds
VALUES;Côtes premières de veau;Ingrédient;;Côtes premières de veau;Veal ribs first
VALUES;Longe de veau;Ingrédient;;Longe de veau;Veal loin
VALUES;Quasi et culotte de veau;Ingrédient;;Quasi et culotte de veau;Veal and panties almost
VALUES;"Cuisse ; noix, sous-noix de veau";Ingrédient;;"Cuisse ; noix, sous-noix de veau";Veal thigh nuts, nut sub-
VALUES;Côtes découvertes de veau;Ingrédient;;Côtes découvertes de veau;Veal ribs
VALUES;Épaule de veau;Ingrédient;;Épaule de veau;Veal shoulder
VALUES;Pied de veau;Ingrédient;;Pied de veau;Calf walk
VALUES;Tendron de veau;Ingrédient;;Tendron de veau;Veal brisket
VALUES;Flanchet de veau;Ingrédient;;Flanchet de veau;Veal flank
VALUES;Jarret de veau;Ingrédient;;Jarret de veau;Veal shank
VALUES;Poitrine de veau;Ingrédient;;Poitrine de veau;Veal breast
VALUES;Collier de veau;Ingrédient;;Collier de veau;Veal necklace
VALUES;Tête de veau;Ingrédient;;Tête de veau;Veal head
VALUES;Cervelle de veau;Ingrédient;;Cervelle de veau;Calf brains
VALUES;Coeur de veau;Ingrédient;;Coeur de veau;Calf heart
VALUES;Foie de veau;Ingrédient;;Foie de veau;Calf liver
VALUES;Langue de veau;Ingrédient;;Langue de veau;Veal tongue
VALUES;Rognons de veau;Ingrédient;;Rognons de veau;Veal kidneys
VALUES;Tête de veau;Ingrédient;;Tête de veau;Veal head
;;;;;
VALUES;Jambon de porc;Ingrédient;;Jambon de porc;Pork ham
VALUES;Jambonneau de porc;Ingrédient;;Jambonneau de porc;Pork knuckle
VALUES;Pied de porc;Ingrédient;;Pied de porc;Pig foot
VALUES;Pointe de porc;Ingrédient;;Pointe de porc;Pork advanced
VALUES;Filet de porc;Ingrédient;;Filet de porc;Pork fillet
VALUES;Carré de porc;Ingrédient;;Carré de porc;Pork square
VALUES;Échine de porc;Ingrédient;;Échine de porc;Pork loin
VALUES;Palette de porc;Ingrédient;;Palette de porc;Range pork
VALUES;Plat de côtes de porc;Ingrédient;;Plat de côtes de porc;Pork ribs
VALUES;Travers de côtes de porc;Ingrédient;;Travers de côtes de porc;Pork ribs through
VALUES;Gorge de porc;Ingrédient;;Gorge de porc;Pork throat
VALUES;Poitrine de porc;Ingrédient;;Poitrine de porc;Pork chest
VALUES;Épaule de porc;Ingrédient;;Épaule de porc;Pork shoulder
VALUES;Tête de porc;Ingrédient;;Tête de porc;Pig head
VALUES;Coeur de porc;Ingrédient;;Coeur de porc;Pig heart
VALUES;Foie de porc;Ingrédient;;Foie de porc;Pork liver
VALUES;Rognons de porc;Ingrédient;;Rognons de porc;Pig kidneys
VALUES;Tête de porc;Ingrédient;;Tête de porc;Pig head
;;;;;
#;;Ingrédient;;;
VALUES;Poitrine de poulet;Ingrédient;;Poitrine de poulet;Chicken breast
VALUES;Haut de cuisse de poulet;Ingrédient;;Haut de cuisse de poulet;Chicken thigh
VALUES;Pilon de poulet;Ingrédient;;Pilon de poulet;Chicken drumstick
VALUES;Fouet de poulet;Ingrédient;;Fouet de poulet;Chicken whip
VALUES;Médiane de poulet;Ingrédient;;Médiane de poulet;Chicken median
VALUES;Blanquette de poulet;Ingrédient;;Blanquette de poulet;Chicken stew
VALUES;Croupion de poulet;Ingrédient;;Croupion de poulet;Chicken rump
VALUES;Cou de canard;Ingrédient;;Cou de canard;Duck neck
VALUES;Filet de canard;Ingrédient;;Filet de canard;Duck fillet
VALUES;Pilon de canard;Ingrédient;;Pilon de canard;Duck drumstick
VALUES;Croupion de canard;Ingrédient;;Croupion de canard;Duck tail
VALUES;Fouet de canard;Ingrédient;;Fouet de canard;Duck whip
VALUES;Aileron de canard;Ingrédient;;Aileron de canard;Duck wing
VALUES;Manchon  de canard;Ingrédient;;Manchon  de canard;Duck sleeve
VALUES;Cou de dinde;Ingrédient;;Cou de dinde;Turkey neck
VALUES;Poitrine de dinde;Ingrédient;;Poitrine de dinde;Turkey breast
VALUES;Haut de cuisse de dinde;Ingrédient;;Haut de cuisse de dinde;Turkey thigh
VALUES;Pilon de dinde;Ingrédient;;Pilon de dinde;Turkey drumstick
VALUES;Croupion de dinde;Ingrédient;;Croupion de dinde;Turkey tail
VALUES;Fouet de dinde;Ingrédient;;Fouet de dinde;Turkey whip
VALUES;Aileron de dinde;Ingrédient;;Aileron de dinde;Turkey wing
VALUES;Blanquette de dinde;Ingrédient;;Blanquette de dinde;Turkey stew
;;;;;
;;;;;
VALUES;Arachide;Ingrédient;;Arachide;Peanut
VALUES;Arrow-root;Ingrédient;;Arrow-root;Arrow-root
VALUES;Bambou;Ingrédient;;Bambou;Bamboo
VALUES;Brocoli;Ingrédient;;Brocoli;Broccoli
VALUES;Carotte;Ingrédient;;Carotte;Carrot
VALUES;Chayote;Ingrédient;;Chayote;Chayote
VALUES;Châtaigne d'eau;Ingrédient;;Châtaigne d'eau;Water chestnut
VALUES;Concombre;Ingrédient;;Concombre;Cucumber
VALUES;Cornichon;Ingrédient;;Cornichon;Gherkin
VALUES;Courgette;Ingrédient;;Courgette;Zucchini
VALUES;Crosne;Ingrédient;;Crosne;Crosne
VALUES;Câpre;Ingrédient;;Câpre;Caper
VALUES;Céleri;Ingrédient;;Céleri;Celery
VALUES;Céleri-rave;Ingrédient;;Céleri-rave;Celeriac
VALUES;Dachine;Ingrédient;;Dachine;Dachine
VALUES;Daikon;Ingrédient;;Daikon;Daikon
VALUES;Fenouil;Ingrédient;;Fenouil;Fennel
VALUES;Fruit à pain;Ingrédient;;Fruit à pain;Breadfruit
VALUES;Haricot noir;Ingrédient;;Haricot noir;Black bean
VALUES;Igname;Ingrédient;;Igname;Yam
VALUES;Jicama;Ingrédient;;Jicama;Jicama
VALUES;Liseron d'eau;Ingrédient;;Liseron d'eau;Water spinach
VALUES;Maïs;Ingrédient;;Maïs;Corn
VALUES;Navet / Rabiole;Ingrédient;;Navet / Rabiole;Turnips / turnip
VALUES;Nopal;Ingrédient;;Nopal;Nopal
VALUES;Oignon;Ingrédient;;Oignon;Onion
VALUES;Okra ou Gumbo;Ingrédient;;Okra ou Gumbo;Okra or gumbo
VALUES;Panais;Ingrédient;;Panais;Parsnip
VALUES;Patate douce;Ingrédient;;Patate douce;Sweet potato
VALUES;Plantain;Ingrédient;;Plantain;Plantain
VALUES;Pois chiche;Ingrédient;;Pois chiche;Chickpea
VALUES;Pois pigeon;Ingrédient;;Pois pigeon;Pigeon pea
VALUES;Pois vert;Ingrédient;;Pois vert;Green peas
VALUES;Polenta;Ingrédient;;Polenta;Polenta
VALUES;Radis;Ingrédient;;Radis;Radish
VALUES;Raifort;Ingrédient;;Raifort;Horseradish
VALUES;Rutabaga;Ingrédient;;Rutabaga;Rutabaga
VALUES;Réglisse;Ingrédient;;Réglisse;Liquorice
VALUES;Salsifis;Ingrédient;;Salsifis;Salsify
VALUES;Soya;Ingrédient;;Soya;Soy
VALUES;Tamarin;Ingrédient;;Tamarin;Tamarind
VALUES;Taro;Ingrédient;;Taro;Taro
VALUES;Ti feuille;Ingrédient;;Ti feuille;Ti leaf
VALUES;Ti-concombre;Ingrédient;;Ti-concombre;Ti-cucumber
VALUES;Tomate;Ingrédient;;Tomate;Tomato
VALUES;Tomatille (tomatillo);Ingrédient;;Tomatille (tomatillo);Tomatillo (tomatillo)
VALUES;Topinambour;Ingrédient;;Topinambour;Jerusalem artichoke
VALUES;Tête de violon;Ingrédient;;Tête de violon;Fiddlehead
VALUES;Wasabi;Ingrédient;;Wasabi;Wasabi
VALUES;Échalote;Ingrédient;;Échalote;Shallot
VALUES;Épinard;Ingrédient;;Épinard;Spinach
VALUES;Champignon;Ingrédient;;Champignon;Mushroom
VALUES;Truffe;Ingrédient;;Truffe;Truffle
VALUES;Laitue et verdurette;Ingrédient;;Laitue et verdurette;Lettuce and verduret
VALUES;Courge;Ingrédient;;Courge;Squash
VALUES;Poireau;Ingrédient;;Poireau;Leek
VALUES;Pomme de terre;Ingrédient;;Pomme de terre;Potato
VALUES;Asperge;Ingrédient;;Asperge;Asparagus
VALUES;Haricot sec;Ingrédient;;Haricot sec;Dry bean
VALUES;Haricot frais;Ingrédient;;Haricot frais;Cool beans
VALUES;Gourgane;Ingrédient;;Gourgane;Broad bean
VALUES;Haricot vert;Ingrédient;;Haricot vert;Green bean
VALUES;Aubergine;Ingrédient;;Aubergine;Eggplant
VALUES;Bette;Ingrédient;;Bette;Bette
VALUES;Chou;Ingrédient;;Chou;Cabbage
VALUES;Betterave;Ingrédient;;Betterave;Beet
VALUES;Poivron;Ingrédient;;Poivron;Pepper
VALUES;Manioc;Ingrédient;;Manioc;Cassava
VALUES;Oignon;Ingrédient;;Oignon;Onion
VALUES;Concombre;Ingrédient;;Concombre;Cucumber
;;;;;
VALUES;Agneau;Ingrédient;;Agneau;Lamb
VALUES;Bison;Ingrédient;;Bison;Bison
VALUES;Boeuf;Ingrédient;;Boeuf;Beef
VALUES;Cabri;Ingrédient;;Cabri;Cabri
VALUES;Caribou;Ingrédient;;Caribou;Caribou
VALUES;Kangourou;Ingrédient;;Kangourou;Kangaroo
VALUES;Lapin;Ingrédient;;Lapin;Rabbit
VALUES;Lièvre;Ingrédient;;Lièvre;Hare
VALUES;Sanglier;Ingrédient;;Sanglier;Boar
VALUES;Tripes;Ingrédient;;Tripes;Tripe
VALUES;Veau;Ingrédient;;Veau;Calf
VALUES;Porc;Ingrédient;;Porc;Pork
VALUES;Autruche;Ingrédient;;Autruche;Ostrich
VALUES;Caille;Ingrédient;;Caille;Quail
VALUES;Canard;Ingrédient;;Canard;Duck
VALUES;Dinde;Ingrédient;;Dinde;Turkey
VALUES;Faisan;Ingrédient;;Faisan;Pheasant
VALUES;Foie gras;Ingrédient;;Foie gras;Foie gras
VALUES;Oie;Ingrédient;;Oie;Goose
VALUES;Perdrix;Ingrédient;;Perdrix;Partridge
VALUES;Pintade;Ingrédient;;Pintade;Guinea fowl
VALUES;Poularde de Bresse;Ingrédient;;Poularde de Bresse;Bresse
VALUES;Poulet;Ingrédient;;Poulet;Chicken
VALUES;Pigeon;Ingrédient;;Pigeon;Pigeon
;;;;;
VALUES;Abadèche;Ingrédient;;Abadèche;Cusk
VALUES;Aiglefin;Ingrédient;;Aiglefin;Haddock
VALUES;Anchois;Ingrédient;;Anchois;Anchovy
VALUES;Anguille;Ingrédient;;Anguille;Eel
VALUES;Bar;Ingrédient;;Bar;Bar
VALUES;Barramundi;Ingrédient;;Barramundi;Barramundi
VALUES;Baudroie;Ingrédient;;Baudroie;Monkfish
VALUES;Brochet;Ingrédient;;Brochet;Pike
VALUES;Capelan;Ingrédient;;Capelan;Capelin
VALUES;Carpe;Ingrédient;;Carpe;Carp
VALUES;Chapon / rascasse;Ingrédient;;Chapon / rascasse;Chapon / scorpion
VALUES;Chevesne;Ingrédient;;Chevesne;Chub
VALUES;Cobia;Ingrédient;;Cobia;Cobia
VALUES;Congre;Ingrédient;;Congre;Conger
VALUES;Daurade;Ingrédient;;Daurade;Bream
VALUES;Doré;Ingrédient;;Doré;Golden
VALUES;Escolier;Ingrédient;;Escolier;Escolar
VALUES;Espada;Ingrédient;;Espada;Espada
VALUES;Espadon;Ingrédient;;Espadon;Swordfish
VALUES;Esturgeon;Ingrédient;;Esturgeon;Sturgeon
VALUES;Flétan;Ingrédient;;Flétan;Halibut
VALUES;Grenouille;Ingrédient;;Grenouille;Frog
VALUES;Grondin Perlon;Ingrédient;;Grondin Perlon;Grondin perlon
VALUES;Hareng;Ingrédient;;Hareng;Herring
VALUES;Lingue;Ingrédient;;Lingue;Ling
VALUES;Loup de mer;Ingrédient;;Loup de mer;Catfish
VALUES;Légine australe;Ingrédient;;Légine australe;Patagonian toothfish
VALUES;Mahi Mahi;Ingrédient;;Mahi Mahi;Mahi mahi
VALUES;Maquereau;Ingrédient;;Maquereau;Mackerel
VALUES;Merlan;Ingrédient;;Merlan;Whiting
VALUES;Merlu, Colin;Ingrédient;;Merlu, Colin;Hake, colin
VALUES;Mérou;Ingrédient;;Mérou;Grouper
VALUES;Omble chevalier;Ingrédient;;Omble chevalier;Char
VALUES;Onaga;Ingrédient;;Onaga;Onaga
VALUES;Pangasius;Ingrédient;;Pangasius;Pangasius
VALUES;Perche;Ingrédient;;Perche;Pole
VALUES;Perche du Nil;Ingrédient;;Perche du Nil;Nile perch
VALUES;Pieuvre;Ingrédient;;Pieuvre;Octopus
VALUES;Plie ou carrelet;Ingrédient;;Plie ou carrelet;Plaice
VALUES;Requin;Ingrédient;;Requin;Shark
VALUES;Rouget;Ingrédient;;Rouget;Red mullet
VALUES;Saint-Pierre;Ingrédient;;Saint-Pierre;Saint-pierre
VALUES;Sandre;Ingrédient;;Sandre;Sandre
VALUES;Sardine;Ingrédient;;Sardine;Sardine
VALUES;Silure;Ingrédient;;Silure;Catfish
VALUES;Sole;Ingrédient;;Sole;Sole
VALUES;Stockfish;Ingrédient;;Stockfish;Stockfish
VALUES;Surimi;Ingrédient;;Surimi;Surimi
VALUES;Thon;Ingrédient;;Thon;Tuna
VALUES;Tobiko;Ingrédient;;Tobiko;Tobiko
VALUES;Turbot;Ingrédient;;Turbot;Turbot
VALUES;Vivaneau;Ingrédient;;Vivaneau;Red snapper
VALUES;Éperlan;Ingrédient;;Éperlan;Smelt
VALUES;Truite;Ingrédient;;Truite;Trout
VALUES;Saumon;Ingrédient;;Saumon;Salmon
VALUES;Seiche;Ingrédient;;Seiche;Cuttlefish
VALUES;Caviar;Ingrédient;;Caviar;Caviar
VALUES;Cabillaud;Ingrédient;;Cabillaud;Cod
;;;;;
VALUES;Bigorneau;Ingrédient;;Bigorneau;Periwinkle
VALUES;Buccin;Ingrédient;;Buccin;Whelk
VALUES;Cigale de mer;Ingrédient;;Cigale de mer;Slipper lobster
VALUES;Coque;Ingrédient;;Coque;Shell
VALUES;Couteau;Ingrédient;;Couteau;Knife
VALUES;Crevette / Gambas;Ingrédient;;Crevette / Gambas;Shrimp / prawns
VALUES;Crevette nordique;Ingrédient;;Crevette nordique;Northern shrimp
VALUES;Crépidule;Ingrédient;;Crépidule;Slipper limpet
VALUES;Escargot;Ingrédient;;Escargot;Snail
VALUES;Homard;Ingrédient;;Homard;Lobster
VALUES;Lambi, Conque;Ingrédient;;Lambi, Conque;Conch, conch
VALUES;Langoustine;Ingrédient;;Langoustine;Langoustine
VALUES;Moule;Ingrédient;;Moule;Mold
VALUES;Ormeau;Ingrédient;;Ormeau;Abalone
VALUES;Oursin;Ingrédient;;Oursin;Sea ??urchin
VALUES;Palourde;Ingrédient;;Palourde;Clam
VALUES;Patelle;Ingrédient;;Patelle;Limpet
VALUES;Pousse-pied ou anatife;Ingrédient;;Pousse-pied ou anatife;Barnacle barnacle or
VALUES;Pétoncle;Ingrédient;;Pétoncle;Scallop
VALUES;Saint-Jacques;Ingrédient;;Saint-Jacques;Saint-jacques
VALUES;Violet;Ingrédient;;Violet;Purple
VALUES;Écrevisse;Ingrédient;;Écrevisse;Crayfish
VALUES;Huître;Ingrédient;;Huître;Oyster
VALUES;Crabe;Ingrédient;;Crabe;Crab
;;;;;
VALUES;Ail;Ingrédient;;Ail;Garlic
VALUES;Anis;Ingrédient;;Anis;Anise
VALUES;Asa foetida;Ingrédient;;Asa foetida;Asa foetida
VALUES;Cannelle;Ingrédient;;Cannelle;Cinnamon
VALUES;Cardamome;Ingrédient;;Cardamome;Cardamom
VALUES;Caripoulé;Ingrédient;;Caripoulé;Caripoulé
VALUES;Carvi;Ingrédient;;Carvi;Caraway
VALUES;Clou de girofle;Ingrédient;;Clou de girofle;Clove
VALUES;Cumin;Ingrédient;;Cumin;Cumin
VALUES;Curcuma;Ingrédient;;Curcuma;Turmeric
VALUES;Curry;Ingrédient;;Curry;Curry
VALUES;Fenugreek;Ingrédient;;Fenugreek;Fenugreek
VALUES;Garam Massala;Ingrédient;;Garam Massala;Garam masala
VALUES;Genièvre;Ingrédient;;Genièvre;Juniper
VALUES;Gingembre;Ingrédient;;Gingembre;Ginger
VALUES;Macis;Ingrédient;;Macis;Mace
VALUES;Massala;Ingrédient;;Massala;Massala
VALUES;Moutarde;Ingrédient;;Moutarde;Mustard
VALUES;Muscade;Ingrédient;;Muscade;Nutmeg
VALUES;Mélange d'épices bajan;Ingrédient;;Mélange d'épices bajan;Bajan spice mix
VALUES;Ras-el-hanout;Ingrédient;;Ras-el-hanout;Ras el hanout
VALUES;Safran;Ingrédient;;Safran;Saffron
VALUES;Sassafras;Ingrédient;;Sassafras;Sassafras
VALUES;Saté;Ingrédient;;Saté;Sate
VALUES;Sumac;Ingrédient;;Sumac;Sumach
VALUES;Sésame;Ingrédient;;Sésame;Sesame
VALUES;Vanille;Ingrédient;;Vanille;Vanilla
VALUES;Piment;Ingrédient;;Piment;Spice
VALUES;Poivre;Ingrédient;;Poivre;Pepper
VALUES;Sel;Ingrédient;;Sel;Salt
;;;;;
VALUES;Aneth;Ingrédient;;Aneth;Dill
VALUES;Basilic;Ingrédient;;Basilic;Basil
VALUES;Bourrache;Ingrédient;;Bourrache;Borage
VALUES;Ciboulette;Ingrédient;;Ciboulette;Chive
VALUES;Ciboulette chinoise;Ingrédient;;Ciboulette chinoise;Chinese chives
VALUES;Citronnelle;Ingrédient;;Citronnelle;Lemongrass
VALUES;Coriandre;Ingrédient;;Coriandre;Coriander
VALUES;Hysope;Ingrédient;;Hysope;Hyssop
VALUES;Lavande;Ingrédient;;Lavande;Lavender
VALUES;Marjolaine;Ingrédient;;Marjolaine;Marjoram
VALUES;Myrte;Ingrédient;;Myrte;Myrtle
VALUES;Mélisse;Ingrédient;;Mélisse;Melissa
VALUES;Origan;Ingrédient;;Origan;Oregano
VALUES;Persil;Ingrédient;;Persil;Parsley
VALUES;Romarin;Ingrédient;;Romarin;Rosemary
VALUES;Salicorne;Ingrédient;;Salicorne;Salicorne
VALUES;Sariette;Ingrédient;;Sariette;Sariette
VALUES;Sauge;Ingrédient;;Sauge;Sage
VALUES;Thym;Ingrédient;;Thym;Thyme
VALUES;Tilleul;Ingrédient;;Tilleul;Lime
VALUES;Verveine;Ingrédient;;Verveine;Verbena
VALUES;Violette;Ingrédient;;Violette;Violet
;;;;;
VALUES;Érable;Ingrédient;;Érable;Maple
VALUES;Cassonade;Ingrédient;;Cassonade;Brown sugar
VALUES;Miel;Ingrédient;;Miel;Honey
VALUES;Mélasse;Ingrédient;;Mélasse;Treacle
VALUES;Sucre;Ingrédient;;Sucre;Sugar
VALUES;Riz;Ingrédient;;Riz;Rice
VALUES;Café;Ingrédient;;Café;Coffee
VALUES;Avoine;Ingrédient;;Avoine;Oat
VALUES;Blé;Ingrédient;;Blé;Wheat
VALUES;Boulghol / Boulgour;Ingrédient;;Boulghol / Boulgour;Boulghol / boulgour
VALUES;Houblon;Ingrédient;;Houblon;Hop
VALUES;Orge;Ingrédient;;Orge;Barley
VALUES;Quinoa;Ingrédient;;Quinoa;Quinoa
VALUES;Sarrasin;Ingrédient;;Sarrasin;Buckwheat
VALUES;Seigle;Ingrédient;;Seigle;Rye
VALUES;Semoule / Couscous;Ingrédient;;Semoule / Couscous;Semolina / couscous
VALUES;Sorgho;Ingrédient;;Sorgho;Sorghum
VALUES;Épeautre;Ingrédient;;Épeautre;Spelt
VALUES;Thé;Ingrédient;;Thé;Tea
;;;;;
#;Principaux fromages - http://www.economie.gouv.fr/files/directions_services/daj/marches_publics/oeap/gem/produits_laitiers/annexe5.pdf;;;;
VALUES;Petit-suisse;Ingrédient;;Petit-suisse;Petit-suisse
VALUES;Demi-sel;Ingrédient;;Demi-sel;Salted
VALUES;Camembert,;Ingrédient;;Camembert,;Camembert,
VALUES;Coulommiers;Ingrédient;;Coulommiers;Coulsdon
VALUES;Brie;Ingrédient;;Brie;Brie
VALUES;Carré de l’est;Ingrédient;;Carré de l’est;Square is
VALUES;Saint-Marcellin;Ingrédient;;Saint-Marcellin;Saint-marcellin
VALUES;Saint-Florentin;Ingrédient;;Saint-Florentin;Saint-florentin
VALUES;Brillat-Savarin;Ingrédient;;Brillat-Savarin;Brillat-savarin
VALUES;Bleu;Ingrédient;;Bleu;Blue
VALUES;Emmental;Ingrédient;;Emmental;Emmental
VALUES;Raclette;Ingrédient;;Raclette;Raclette
VALUES;Mimolette;Ingrédient;;Mimolette;Mimolette
VALUES;Saint-Paulin;Ingrédient;;Saint-Paulin;Saint-paulin
VALUES;Edam;Ingrédient;;Edam;Edam
VALUES;Gouda;Ingrédient;;Gouda;Gouda
VALUES;Tome;Ingrédient;;Tome;Volume
VALUES;Mozzarella;Ingrédient;;Mozzarella;Mozzarella
VALUES;Chabichou;Ingrédient;;Chabichou;Chabichou
VALUES;Crottin;Ingrédient;;Crottin;Dung
VALUES;Sainte-Maure;Ingrédient;;Sainte-Maure;Sainte-maure
VALUES;Cabécou;Ingrédient;;Cabécou;Cabécou
VALUES;Brousse;Ingrédient;;Brousse;Bush
;;;;;
#;AOC - http://fr.wikipedia.org/wiki/Liste_des_AOC_laiti%C3%A8res;;;;
VALUES;Abondance;Ingrédient;;Abondance;Abundance
VALUES;Banon;Ingrédient;;Banon;Banon
VALUES;Beaufort;Ingrédient;;Beaufort;Beaufort
VALUES;Bleu d'Auvergne;Ingrédient;;Bleu d'Auvergne;Bleu d'auvergne
VALUES;Bleu de Gex;Ingrédient;;Bleu de Gex;Bleu de gex
VALUES;Bleu des Causses;Ingrédient;;Bleu des Causses;Bleu des causses
VALUES;Bleu du Vercors-Sassenage;Ingrédient;;Bleu du Vercors-Sassenage;Bleu du vercors-sassenage
VALUES;Brie de Meaux;Ingrédient;;Brie de Meaux;Brie de meaux
VALUES;Brie de Melun;Ingrédient;;Brie de Melun;Brie de melun
VALUES;Brocciu corse;Ingrédient;;Brocciu corse;Brocciu corse
VALUES;Camembert de Normandie;Ingrédient;;Camembert de Normandie;Camembert de normandie
VALUES;Cantal;Ingrédient;;Cantal;Cantal
VALUES;Chabichou du Poitou;Ingrédient;;Chabichou du Poitou;Chabichou poitou
VALUES;Chambérat;Ingrédient;;Chambérat;Chambérat
VALUES;Chaource;Ingrédient;;Chaource;Chaource
VALUES;Charolais;Ingrédient;;Charolais;Charolais
VALUES;Chevrotin;Ingrédient;;Chevrotin;Chevrotin
VALUES;Comté;Ingrédient;;Comté;County
VALUES;Crottin de Chavignol;Ingrédient;;Crottin de Chavignol;Chavignol goat cheese
VALUES;Époisses;Ingrédient;;Époisses;Epoisses
VALUES;Fourme d'Ambert;Ingrédient;;Fourme d'Ambert;Fourme d'ambert
VALUES;Fourme de Montbrison;Ingrédient;;Fourme de Montbrison;Fourme montbrison
VALUES;Laguiole;Ingrédient;;Laguiole;Laguiole
VALUES;Langres;Ingrédient;;Langres;Langres
VALUES;Livarot;Ingrédient;;Livarot;Livarot
VALUES;Maroilles;Ingrédient;;Maroilles;Maroilles
VALUES;Mont-d'or;Ingrédient;;Mont-d'or;Mont-d'or
VALUES;Morbier;Ingrédient;;Morbier;Morbier
VALUES;Munster;Ingrédient;;Munster;Munster
VALUES;Neufchâtel;Ingrédient;;Neufchâtel;Neufchatel
VALUES;Ossau-iraty;Ingrédient;;Ossau-iraty;Ossau-iraty
VALUES;Pélardon;Ingrédient;;Pélardon;Pélardon
VALUES;Picodon;Ingrédient;;Picodon;Picodon
VALUES;Pont-l'évêque;Ingrédient;;Pont-l'évêque;Pont l'eveque
VALUES;Pouligny-saint-pierre;Ingrédient;;Pouligny-saint-pierre;Pouligny-saint-pierre
VALUES;Reblochon;Ingrédient;;Reblochon;Reblochon
VALUES;Rigotte de Condrieu;Ingrédient;;Rigotte de Condrieu;Rigotte condrieu
VALUES;Rocamadour;Ingrédient;;Rocamadour;Rocamadour
VALUES;Roquefort;Ingrédient;;Roquefort;Roquefort
VALUES;Saint-nectaire;Ingrédient;;Saint-nectaire;Saint-nectaire
VALUES;Sainte-maure-de-touraine;Ingrédient;;Sainte-maure-de-touraine;Sainte-maure-de-touraine
VALUES;Salers;Ingrédient;;Salers;Salers
VALUES;Selles-sur-cher;Ingrédient;;Selles-sur-cher;Selles-sur-cher
VALUES;Tome des Bauges;Ingrédient;;Tome des Bauges;Volume bauges
VALUES;Valençay;Ingrédient;;Valençay;Valençay
;;;;;
;;;;;
VALUES;Amande;Ingrédient;;Amande;Almond
VALUES;Arbouse;Ingrédient;;Arbouse;Arbutus
VALUES;Carambole;Ingrédient;;Carambole;Carambola
VALUES;Chadec;Ingrédient;;Chadec;Chadec
VALUES;Chicoutai;Ingrédient;;Chicoutai;Chicoutai
VALUES;Châtaigne / Marron;Ingrédient;;Châtaigne / Marron;Chestnut / brown
VALUES;Corossol;Ingrédient;;Corossol;Soursop
VALUES;Dourian;Ingrédient;;Dourian;Durian
VALUES;Jacquier;Ingrédient;;Jacquier;Jacquier
VALUES;Longane;Ingrédient;;Longane;Longan
VALUES;Macadamia;Ingrédient;;Macadamia;Macadamia
VALUES;Noix;Ingrédient;;Noix;Nuts
VALUES;Noix de pécan;Ingrédient;;Noix de pécan;Pecans
VALUES;Physalis;Ingrédient;;Physalis;Physalis
VALUES;Pimpin / Vacoa / Pandanus;Ingrédient;;Pimpin / Vacoa / Pandanus;Pimpin / vacoa / pandanus
VALUES;Sapotille;Ingrédient;;Sapotille;Sapodilla
VALUES;Combawa ou Combava;Ingrédient;;Combawa ou Combava;Combawa or combava
VALUES;Cédrat;Ingrédient;;Cédrat;Citron
VALUES;Kumquat;Ingrédient;;Kumquat;Kumquat
VALUES;Main de Boudha;Ingrédient;;Main de Boudha;Hand of buddha
VALUES;Lait de coco;Ingrédient;;Lait de coco;Coconut milk
VALUES;Noix de coco;Ingrédient;;Noix de coco;Coconut
;;;;;
VALUES;Abricot;Ingrédient;;Abricot;Apricot
VALUES;Canneberge;Ingrédient;;Canneberge;Cranberry
VALUES;Cassis;Ingrédient;;Cassis;Cassis
VALUES;Cerise;Ingrédient;;Cerise;Cherry
VALUES;Coing;Ingrédient;;Coing;Quince
VALUES;Datte;Ingrédient;;Datte;Date
VALUES;Figue;Ingrédient;;Figue;Fig
VALUES;Fraise;Ingrédient;;Fraise;Strawberry
VALUES;Framboise;Ingrédient;;Framboise;Raspberry
VALUES;Fruit de la passion;Ingrédient;;Fruit de la passion;Passion fruit
VALUES;Goyave;Ingrédient;;Goyave;Guava
VALUES;Groseille;Ingrédient;;Groseille;Currant
VALUES;Kaki;Ingrédient;;Kaki;Khaki
VALUES;Kiwi;Ingrédient;;Kiwi;Kiwi
VALUES;Litchi;Ingrédient;;Litchi;Litchi
VALUES;Mangue;Ingrédient;;Mangue;Mango
VALUES;Myrtille;Ingrédient;;Myrtille;Blueberry
VALUES;Nectarine;Ingrédient;;Nectarine;Nectarine
VALUES;Papaye;Ingrédient;;Papaye;Papaya
VALUES;Pomme grenade;Ingrédient;;Pomme grenade;Pomegranate
VALUES;Pêche;Ingrédient;;Pêche;Fishing
VALUES;Rhubarbe;Ingrédient;;Rhubarbe;Rhubarb
VALUES;Raisins;Ingrédient;;Raisins;Grapes
VALUES;Mirabelle;Ingrédient;;Mirabelle;Mirabelle
VALUES;Prune;Ingrédient;;Prune;Prune
VALUES;Pruneau d'Agen;Ingrédient;;Pruneau d'Agen;Agen prunes
VALUES;Quetsche;Ingrédient;;Quetsche;Damson
VALUES;Reine-Claude;Ingrédient;;Reine-Claude;Greengage
VALUES;Banane;Ingrédient;;Banane;Banana
VALUES;Poires;Ingrédient;;Poires;Pears
VALUES;Pommes;Ingrédient;;Pommes;Apples
VALUES;Melon;Ingrédient;;Melon;Melon
VALUES;Agrumes;Ingrédient;;Agrumes;Citrus
VALUES;Citron;Ingrédient;;Citron;Lemon
VALUES;Clémentine;Ingrédient;;Clémentine;Clementine
VALUES;Mandarine;Ingrédient;;Mandarine;Mandarine
VALUES;Orange;Ingrédient;;Orange;Orange
VALUES;Pamplemousse;Ingrédient;;Pamplemousse;Grapefruit
VALUES;Pomelo;Ingrédient;;Pomelo;Grapefruit
VALUES;Ananas;Ingrédient;;Ananas;Pineapple
;;;;;
VALUES;Jus d'abricot;Ingrédient;;Jus d'abricot;Apricot juice
VALUES;Jus de canneberge;Ingrédient;;Jus de canneberge;Cranberry juice
VALUES;Jus de cassis;Ingrédient;;Jus de cassis;Blackcurrant juice
VALUES;Jus de cerise;Ingrédient;;Jus de cerise;Cherry juice
VALUES;Jus de coing;Ingrédient;;Jus de coing;Quince juice
VALUES;Jus de datte;Ingrédient;;Jus de datte;Date juice
VALUES;Jus de figue;Ingrédient;;Jus de figue;Fig juice
VALUES;Jus de fraise;Ingrédient;;Jus de fraise;Strawberry juice
VALUES;Jus de framboise;Ingrédient;;Jus de framboise;Raspberry juice
VALUES;Jus de fruit de la passion;Ingrédient;;Jus de fruit de la passion;Juice of passion
VALUES;Jus de goyave;Ingrédient;;Jus de goyave;Guava juice
VALUES;Jus de groseille;Ingrédient;;Jus de groseille;Currant juice
VALUES;Jus de kaki;Ingrédient;;Jus de kaki;Persimmon juice
VALUES;Jus de kiwi;Ingrédient;;Jus de kiwi;Kiwi juice
VALUES;Jus de litchi;Ingrédient;;Jus de litchi;Lychee juice
VALUES;Jus de mangue;Ingrédient;;Jus de mangue;Mango juice
VALUES;Jus de myrtille;Ingrédient;;Jus de myrtille;Blueberry juice
VALUES;Jus de nectarine;Ingrédient;;Jus de nectarine;Nectarine juice
VALUES;Jus de papaye;Ingrédient;;Jus de papaye;Papaya juice
VALUES;Jus de pomme grenade;Ingrédient;;Jus de pomme grenade;Pomegranate juice
VALUES;Jus de pêche;Ingrédient;;Jus de pêche;Peach juice
VALUES;Jus de rhubarbe;Ingrédient;;Jus de rhubarbe;Rhubarb juice
VALUES;Jus de raisins;Ingrédient;;Jus de raisins;Grape juice
VALUES;Jus de mirabelle;Ingrédient;;Jus de mirabelle;Plum juice
VALUES;Jus de prune;Ingrédient;;Jus de prune;Prune juice
VALUES;Jus de pruneau d'agen;Ingrédient;;Jus de pruneau d'agen;Agen prune juice
VALUES;Jus de quetsche;Ingrédient;;Jus de quetsche;Plum juice
VALUES;Jus de reine-claude;Ingrédient;;Jus de reine-claude;Greengage juice
VALUES;Jus de banane;Ingrédient;;Jus de banane;Banana juice
VALUES;Jus de poires;Ingrédient;;Jus de poires;Pear juice
VALUES;Jus de pommes;Ingrédient;;Jus de pommes;Apple juice
VALUES;Jus de melon;Ingrédient;;Jus de melon;Melon juice
VALUES;Jus d'agrumes;Ingrédient;;Jus d'agrumes;Citrus juice
VALUES;Jus de citron;Ingrédient;;Jus de citron;Lemon juice
VALUES;Jus de clémentine;Ingrédient;;Jus de clémentine;Clementine juice
VALUES;Jus de mandarine;Ingrédient;;Jus de mandarine;Tangerine juice
VALUES;Jus d'orange;Ingrédient;;Jus d'orange;Orange juice
VALUES;Jus de pamplemousse;Ingrédient;;Jus de pamplemousse;Grapefruit juice
VALUES;Jus de pomelo;Ingrédient;;Jus de pomelo;Grapefruit juice
VALUES;Jus d'ananas;Ingrédient;;Jus d'ananas;Pineapple juice
;;;;;
VALUES;Jus d'abricot concentré;Ingrédient;;Jus d'abricot concentré;Apricot juice concentrate
VALUES;Jus de canneberge concentré;Ingrédient;;Jus de canneberge concentré;Cranberry juice concentrate
VALUES;Jus de cassis concentré;Ingrédient;;Jus de cassis concentré;Blackcurrant juice concentrate
VALUES;Jus de cerise concentré;Ingrédient;;Jus de cerise concentré;Cherry juice concentrate
VALUES;Jus de coing concentré;Ingrédient;;Jus de coing concentré;Quince juice concentrate
VALUES;Jus de datte concentré;Ingrédient;;Jus de datte concentré;Date juice concentrate
VALUES;Jus de figue concentré;Ingrédient;;Jus de figue concentré;Fig juice concentrate
VALUES;Jus de fraise concentré;Ingrédient;;Jus de fraise concentré;Strawberry juice concentrate
VALUES;Jus de framboise concentré;Ingrédient;;Jus de framboise concentré;Raspberry juice concentrate
VALUES;Jus de fruit de la passion concentré;Ingrédient;;Jus de fruit de la passion concentré;Fruit juice concentrated passion
VALUES;Jus de goyave concentré;Ingrédient;;Jus de goyave concentré;Guava juice concentrate
VALUES;Jus de groseille concentré;Ingrédient;;Jus de groseille concentré;Currant juice concentrate
VALUES;Jus de kaki concentré;Ingrédient;;Jus de kaki concentré;Persimmon juice concentrate
VALUES;Jus de kiwi concentré;Ingrédient;;Jus de kiwi concentré;Kiwi juice concentrate
VALUES;Jus de litchi concentré;Ingrédient;;Jus de litchi concentré;Lychee juice concentrate
VALUES;Jus de mangue concentré;Ingrédient;;Jus de mangue concentré;Mango juice concentrate
VALUES;Jus de myrtille concentré;Ingrédient;;Jus de myrtille concentré;Blueberry juice concentrate
VALUES;Jus de nectarine concentré;Ingrédient;;Jus de nectarine concentré;Nectarine juice concentrate
VALUES;Jus de papaye concentré;Ingrédient;;Jus de papaye concentré;Papaya juice concentrate
VALUES;Jus de pomme grenade concentré;Ingrédient;;Jus de pomme grenade concentré;Pomegranate juice concentrate
VALUES;Jus de pêche concentré;Ingrédient;;Jus de pêche concentré;Peach juice concentrate
VALUES;Jus de rhubarbe concentré;Ingrédient;;Jus de rhubarbe concentré;Rhubarb juice concentrate
VALUES;Jus de raisins concentré;Ingrédient;;Jus de raisins concentré;Concentrated grape juice
VALUES;Jus de mirabelle concentré;Ingrédient;;Jus de mirabelle concentré;Plum juice concentrate
VALUES;Jus de prune concentré;Ingrédient;;Jus de prune concentré;Plum juice concentrate
VALUES;Jus de pruneau d'agen concentré;Ingrédient;;Jus de pruneau d'agen concentré;Agen prune juice concentrate
VALUES;Jus de quetsche concentré;Ingrédient;;Jus de quetsche concentré;Plum juice concentrate
VALUES;Jus de reine-claude concentré;Ingrédient;;Jus de reine-claude concentré;Greengage juice concentrate
VALUES;Jus de banane concentré;Ingrédient;;Jus de banane concentré;Banana juice concentrate
VALUES;Jus de poires concentré;Ingrédient;;Jus de poires concentré;Pear juice concentrate
VALUES;Jus de pommes concentré;Ingrédient;;Jus de pommes concentré;Apple juice concentrate
VALUES;Jus de melon concentré;Ingrédient;;Jus de melon concentré;Melon juice concentrate
VALUES;Jus d'agrumes concentré;Ingrédient;;Jus d'agrumes concentré;Concentrated citrus juice
VALUES;Jus de citron concentré;Ingrédient;;Jus de citron concentré;Concentrated lemon juice
VALUES;Jus de clémentine concentré;Ingrédient;;Jus de clémentine concentré;Clementine juice concentrate
VALUES;Jus de mandarine concentré;Ingrédient;;Jus de mandarine concentré;Tangerine juice concentrate
VALUES;Jus d'orange concentré;Ingrédient;;Jus d'orange concentré;Orange juice concentrate
VALUES;Jus de pamplemousse concentré;Ingrédient;;Jus de pamplemousse concentré;Grapefruit juice concentrate
VALUES;Jus de pomelo concentré;Ingrédient;;Jus de pomelo concentré;Grapefruit juice concentrate
VALUES;Jus d'ananas concentré;Ingrédient;;Jus d'ananas concentré;Concentrated pineapple juice
;;;;;
VALUES;Morceaux d'abricot;Ingrédient;;Morceaux d'abricot;Apricot pieces
VALUES;Morceaux de canneberge;Ingrédient;;Morceaux de canneberge;Pieces of cranberry
VALUES;Morceaux de cassis;Ingrédient;;Morceaux de cassis;Pieces of cassis
VALUES;Morceaux de cerise;Ingrédient;;Morceaux de cerise;Cherry pieces
VALUES;Morceaux de coing;Ingrédient;;Morceaux de coing;Quince pieces
VALUES;Morceaux de datte;Ingrédient;;Morceaux de datte;Pieces date
VALUES;Morceaux de figue;Ingrédient;;Morceaux de figue;Pieces of fig
VALUES;Morceaux de fraise;Ingrédient;;Morceaux de fraise;Strawberry pieces
VALUES;Morceaux de framboise;Ingrédient;;Morceaux de framboise;Pieces of raspberry
VALUES;Morceaux de fruit de la passion;Ingrédient;;Morceaux de fruit de la passion;Pieces of passion fruit
VALUES;Morceaux de goyave;Ingrédient;;Morceaux de goyave;Pieces of guava
VALUES;Morceaux de groseille;Ingrédient;;Morceaux de groseille;Pieces of gooseberry
VALUES;Morceaux de kaki;Ingrédient;;Morceaux de kaki;Pieces of khaki
VALUES;Morceaux de kiwi;Ingrédient;;Morceaux de kiwi;Pieces of kiwi
VALUES;Morceaux de litchi;Ingrédient;;Morceaux de litchi;Pieces of lychee
VALUES;Morceaux de mangue;Ingrédient;;Morceaux de mangue;Mango pieces
VALUES;Morceaux de myrtille;Ingrédient;;Morceaux de myrtille;Pieces of blueberry
VALUES;Morceaux de nectarine;Ingrédient;;Morceaux de nectarine;Pieces of nectarine
VALUES;Morceaux de papaye;Ingrédient;;Morceaux de papaye;Pieces of papaya
VALUES;Morceaux de pomme grenade;Ingrédient;;Morceaux de pomme grenade;Pieces of pomegranate
VALUES;Morceaux de pêche;Ingrédient;;Morceaux de pêche;Peach pieces
VALUES;Morceaux de rhubarbe;Ingrédient;;Morceaux de rhubarbe;Rhubarb pieces
VALUES;Morceaux de raisins;Ingrédient;;Morceaux de raisins;Pieces of grapes
VALUES;Morceaux de mirabelle;Ingrédient;;Morceaux de mirabelle;Pieces of plum
VALUES;Morceaux de prune;Ingrédient;;Morceaux de prune;Pieces of plum
VALUES;Morceaux de pruneau d'agen;Ingrédient;;Morceaux de pruneau d'agen;Pieces agen prunes
VALUES;Morceaux de quetsche;Ingrédient;;Morceaux de quetsche;Pieces of damson
VALUES;Morceaux de reine-claude;Ingrédient;;Morceaux de reine-claude;Pieces of greengage
VALUES;Morceaux de banane;Ingrédient;;Morceaux de banane;Pieces of banana
VALUES;Morceaux de poires;Ingrédient;;Morceaux de poires;Pears
VALUES;Morceaux de pommes;Ingrédient;;Morceaux de pommes;Apple pieces
VALUES;Morceaux de melon;Ingrédient;;Morceaux de melon;Pieces of melon
VALUES;Morceaux d'agrumes;Ingrédient;;Morceaux d'agrumes;Pieces of citrus
VALUES;Morceaux de citron;Ingrédient;;Morceaux de citron;Lemon wedges
VALUES;Morceaux de clémentine;Ingrédient;;Morceaux de clémentine;Pieces of clementine
VALUES;Morceaux de mandarine;Ingrédient;;Morceaux de mandarine;Pieces of mandarin
VALUES;Morceaux d'orange;Ingrédient;;Morceaux d'orange;Orange pieces
VALUES;Morceaux de pamplemousse;Ingrédient;;Morceaux de pamplemousse;Grapefruit pieces
VALUES;Morceaux de pomelo;Ingrédient;;Morceaux de pomelo;Pieces of pomelo
VALUES;Morceaux d'ananas;Ingrédient;;Morceaux d'ananas;Pineapple chunks
;;;;;
VALUES;Purée d'abricot;Ingrédient;;Purée d'abricot;Apricot puree
VALUES;Purée de canneberge;Ingrédient;;Purée de canneberge;Cranberry puree
VALUES;Purée de cassis;Ingrédient;;Purée de cassis;Puree
VALUES;Purée de cerise;Ingrédient;;Purée de cerise;Cherry puree
VALUES;Purée de coing;Ingrédient;;Purée de coing;Quince puree
VALUES;Purée de datte;Ingrédient;;Purée de datte;Mashed date
VALUES;Purée de figue;Ingrédient;;Purée de figue;Fig puree
VALUES;Purée de fraise;Ingrédient;;Purée de fraise;Strawberry puree
VALUES;Purée de framboise;Ingrédient;;Purée de framboise;Raspberry puree
VALUES;Purée de fruit de la passion;Ingrédient;;Purée de fruit de la passion;Puree passion fruit
VALUES;Purée de goyave;Ingrédient;;Purée de goyave;Guava puree
VALUES;Purée de groseille;Ingrédient;;Purée de groseille;Currant puree
VALUES;Purée de kaki;Ingrédient;;Purée de kaki;Persimmon puree
VALUES;Purée de kiwi;Ingrédient;;Purée de kiwi;Kiwi puree
VALUES;Purée de litchi;Ingrédient;;Purée de litchi;Lychee puree
VALUES;Purée de mangue;Ingrédient;;Purée de mangue;Mango puree
VALUES;Purée de myrtille;Ingrédient;;Purée de myrtille;Blueberry puree
VALUES;Purée de nectarine;Ingrédient;;Purée de nectarine;Nectarine puree
VALUES;Purée de papaye;Ingrédient;;Purée de papaye;Mashed papaya
VALUES;Purée de pomme grenade;Ingrédient;;Purée de pomme grenade;Pomegranate puree
VALUES;Purée de pêche;Ingrédient;;Purée de pêche;Peach puree
VALUES;Purée de rhubarbe;Ingrédient;;Purée de rhubarbe;Rhubarb puree
VALUES;Purée de raisins;Ingrédient;;Purée de raisins;Mashed grapes
VALUES;Purée de mirabelle;Ingrédient;;Purée de mirabelle;Plum puree
VALUES;Purée de prune;Ingrédient;;Purée de prune;Plum puree
VALUES;Purée de pruneau d'agen;Ingrédient;;Purée de pruneau d'agen;Agen prune puree
VALUES;Purée de quetsche;Ingrédient;;Purée de quetsche;Damson puree
VALUES;Purée de reine-claude;Ingrédient;;Purée de reine-claude;Mashed greengage
VALUES;Purée de banane;Ingrédient;;Purée de banane;Banana puree
VALUES;Purée de poires;Ingrédient;;Purée de poires;Pear purée
VALUES;Purée de pommes;Ingrédient;;Purée de pommes;Applesauce
VALUES;Purée de melon;Ingrédient;;Purée de melon;Puree melon
VALUES;Purée d'agrumes;Ingrédient;;Purée d'agrumes;Puree citrus
VALUES;Purée de citron;Ingrédient;;Purée de citron;Lemon puree
VALUES;Purée de clémentine;Ingrédient;;Purée de clémentine;Clementine puree
VALUES;Purée de mandarine;Ingrédient;;Purée de mandarine;Tangerine puree
VALUES;Purée d'orange;Ingrédient;;Purée d'orange;Orange puree
VALUES;Purée de pamplemousse;Ingrédient;;Purée de pamplemousse;Mashed grapefruit
VALUES;Purée de pomelo;Ingrédient;;Purée de pomelo;Mashed pomelo
VALUES;Purée d'ananas;Ingrédient;;Purée d'ananas;Puree pineapple
;;;;;
VALUES;Purée d'abricot concentrée;Ingrédient;;Purée d'abricot concentrée;Concentrated apricot puree
VALUES;Purée de canneberge concentrée;Ingrédient;;Purée de canneberge concentrée;Concentrated cranberry puree
VALUES;Purée de cassis concentrée;Ingrédient;;Purée de cassis concentrée;Puree concentrated
VALUES;Purée de cerise concentrée;Ingrédient;;Purée de cerise concentrée;Cherry puree concentrate
VALUES;Purée de coing concentrée;Ingrédient;;Purée de coing concentrée;Quince puree concentrated
VALUES;Purée de datte concentrée;Ingrédient;;Purée de datte concentrée;Mashed date concentrated
VALUES;Purée de figue concentrée;Ingrédient;;Purée de figue concentrée;Fig puree concentrated
VALUES;Purée de fraise concentrée;Ingrédient;;Purée de fraise concentrée;Strawberry puree concentrate
VALUES;Purée de framboise concentrée;Ingrédient;;Purée de framboise concentrée;Raspberry puree concentrate
VALUES;Purée de fruit de la passion concentrée;Ingrédient;;Purée de fruit de la passion concentrée;Mashed passion fruit concentrate
VALUES;Purée de goyave concentrée;Ingrédient;;Purée de goyave concentrée;Guava puree concentrate
VALUES;Purée de groseille concentrée;Ingrédient;;Purée de groseille concentrée;Currant puree concentrated
VALUES;Purée de kaki concentrée;Ingrédient;;Purée de kaki concentrée;Persimmon puree concentrated
VALUES;Purée de kiwi concentrée;Ingrédient;;Purée de kiwi concentrée;Kiwi puree concentrate
VALUES;Purée de litchi concentrée;Ingrédient;;Purée de litchi concentrée;Lychee puree concentrate
VALUES;Purée de mangue concentrée;Ingrédient;;Purée de mangue concentrée;Mango puree concentrate
VALUES;Purée de myrtille concentrée;Ingrédient;;Purée de myrtille concentrée;Blueberry puree concentrate
VALUES;Purée de nectarine concentrée;Ingrédient;;Purée de nectarine concentrée;Nectarine puree concentrated
VALUES;Purée de papaye concentrée;Ingrédient;;Purée de papaye concentrée;Mashed papaya concentrated
VALUES;Purée de pomme grenade concentrée;Ingrédient;;Purée de pomme grenade concentrée;Concentrated pomegranate puree
VALUES;Purée de pêche concentrée;Ingrédient;;Purée de pêche concentrée;Peach puree concentrate
VALUES;Purée de rhubarbe concentrée;Ingrédient;;Purée de rhubarbe concentrée;Rhubarb puree concentrated
VALUES;Purée de raisins concentrée;Ingrédient;;Purée de raisins concentrée;Mashed grapes concentrated
VALUES;Purée de mirabelle concentrée;Ingrédient;;Purée de mirabelle concentrée;Concentrated plum puree
VALUES;Purée de prune concentrée;Ingrédient;;Purée de prune concentrée;Concentrated plum puree
VALUES;Purée de pruneau d'agen concentrée;Ingrédient;;Purée de pruneau d'agen concentrée;Agen prune puree concentrated
VALUES;Purée de quetsche concentrée;Ingrédient;;Purée de quetsche concentrée;Damson puree concentrated
VALUES;Purée de reine-claude concentrée;Ingrédient;;Purée de reine-claude concentrée;Mashed greengage concentrated
VALUES;Purée de banane concentrée;Ingrédient;;Purée de banane concentrée;Banana puree concentrate
VALUES;Purée de poires concentrée;Ingrédient;;Purée de poires concentrée;Concentrated pear puree
VALUES;Purée de pommes concentrée;Ingrédient;;Purée de pommes concentrée;Mashed concentrated
VALUES;Purée de melon concentrée;Ingrédient;;Purée de melon concentrée;Puree melon concentrated
VALUES;Purée d'agrumes concentrée;Ingrédient;;Purée d'agrumes concentrée;Puree concentrated citrus
VALUES;Purée de citron concentrée;Ingrédient;;Purée de citron concentrée;Concentrated lemon puree
VALUES;Purée de clémentine concentrée;Ingrédient;;Purée de clémentine concentrée;Clementine puree concentrated
VALUES;Purée de mandarine concentrée;Ingrédient;;Purée de mandarine concentrée;Tangerine puree concentrated
VALUES;Purée d'orange concentrée;Ingrédient;;Purée d'orange concentrée;Concentrated orange puree
VALUES;Purée de pamplemousse concentrée;Ingrédient;;Purée de pamplemousse concentrée;Puree concentrated grapefruit
VALUES;Purée de pomelo concentrée;Ingrédient;;Purée de pomelo concentrée;Puree concentrated grapefruit
VALUES;Purée d'ananas concentrée;Ingrédient;;Purée d'ananas concentrée;Concentrated pineapple puree
;;;;;
;;;;;
#;other;;;;
VALUES;Alcool;Ingrédient;;Alcool;Alcohol
VALUES;Alcool benzylique;Ingrédient;;Alcool benzylique;Benzyl alcohol
VALUES;Alcool éthylique;Ingrédient;;Alcool éthylique;Ethyl alcohol
VALUES;Amidon acétyle;Ingrédient;;Amidon acétyle;Acetylated starch
VALUES;Amidon de riz modifié;Ingrédient;;Amidon de riz modifié;Modified rice starch
VALUES;Amidon modifié;Ingrédient;;Amidon modifié;Modified starch
VALUES;Amidon natif;Ingrédient;;Amidon natif;Native starch
VALUES;Amidon transformé;Ingrédient;;Amidon transformé;Modified starch
VALUES;Aromate;Ingrédient;;Aromate;Aromatic
VALUES;Extrait d'aromate;Ingrédient;;Extrait d'aromate;Aromatic extract
VALUES;Aromates;Ingrédient;;Aromates;Herbs
VALUES;Extrait d'aromates;Ingrédient;;Extrait d'aromates;Extract of spices
VALUES;Arome;Ingrédient;;Arome;Aroma
VALUES;Arome ail;Ingrédient;;Arome ail;Garlic aroma
VALUES;Arome ail naturel;Ingrédient;;Arome ail naturel;Natural aroma garlic
VALUES;Arome beurre;Ingrédient;;Arome beurre;Butter aroma
VALUES;Arome beurre naturel;Ingrédient;;Arome beurre naturel;Natural butter flavor
VALUES;Arome champignon naturel;Ingrédient;;Arome champignon naturel;Natural mushroom aroma
VALUES;Arome coq au vin;Ingrédient;;Arome coq au vin;Aroma coq au vin
VALUES;Arome coq au vin naturel;Ingrédient;;Arome coq au vin naturel;Coq au natural wine aroma
VALUES;Arome crabe;Ingrédient;;Arome crabe;Aroma crab
VALUES;Arome de transformation;Ingrédient;;Arome de transformation;Aroma transformation
VALUES;Arome échalote naturel;Ingrédient;;Arome échalote naturel;Natural aroma shallot
VALUES;Arome fond de boeuf;Ingrédient;;Arome fond de boeuf;Aroma background beef
VALUES;Arome fond de gibier;Ingrédient;;Arome fond de gibier;Aroma background game
VALUES;Arome fumée;Ingrédient;;Arome fumée;Aroma smoke
VALUES;Arome fumet de poisson;Ingrédient;;Arome fumet de poisson;Aroma fish stock
VALUES;Arome fumet de poisson naturel;Ingrédient;;Arome fumet de poisson naturel;Aroma aroma of natural fish
VALUES;Arome grillé;Ingrédient;;Arome grillé;Roasted aroma
VALUES;Arome jus d'agneau;Ingrédient;;Arome jus d'agneau;Aroma lamb jus
VALUES;Arome langouste;Ingrédient;;Arome langouste;Aroma lobster
VALUES;Arome moule;Ingrédient;;Arome moule;Aroma mold
VALUES;Arome nature identique;Ingrédient;;Arome nature identique;Nature identical aroma
VALUES;Arome nature identique paprika;Ingrédient;;Arome nature identique paprika;Aroma identical natural paprika
VALUES;Arome nature identique tomate;Ingrédient;;Arome nature identique tomate;Aroma identical natural tomato
VALUES;Arome naturel;Ingrédient;;Arome naturel;Natural aroma
VALUES;Arome naturel : gousses de vanille infusées;Ingrédient;;Arome naturel : gousses de vanille infusées;Natural flavor: vanilla infused
VALUES;Arome naturel fromage;Ingrédient;;Arome naturel fromage;Natural cheese flavor
VALUES;Arome noix naturel;Ingrédient;;Arome noix naturel;Natural nut aroma
VALUES;Arome orange;Ingrédient;;Arome orange;Orange aroma
VALUES;Arome paprika;Ingrédient;;Arome paprika;Aroma paprika
VALUES;Arome poivre naturel;Ingrédient;;Arome poivre naturel;Natural aroma pepper
VALUES;Arome poulet rôti;Ingrédient;;Arome poulet rôti;Aroma roast chicken
VALUES;Arome poulet rôti naturel;Ingrédient;;Arome poulet rôti naturel;Natural aroma roast chicken
VALUES;Arome pruneau;Ingrédient;;Arome pruneau;Prune aroma
VALUES;Arome saint jacques;Ingrédient;;Arome saint jacques;Aroma st. Jacques
VALUES;Arome vanille;Ingrédient;;Arome vanille;Vanilla aroma
VALUES;Arome vanilline;Ingrédient;;Arome vanilline;Vanillin aroma
VALUES;Arome vin blanc naturel;Ingrédient;;Arome vin blanc naturel;Natural white wine aroma
VALUES;Arome vin rouge naturel;Ingrédient;;Arome vin rouge naturel;Natural aroma red wine
VALUES;Aromes;Ingrédient;;Aromes;Aromas
VALUES;Aromes de transformation;Ingrédient;;Aromes de transformation;Aromas processing
VALUES;Aromes nature identiques;Ingrédient;;Aromes nature identiques;Nature identical flavors
VALUES;Aromes naturels;Ingrédient;;Aromes naturels;Natural flavors
VALUES;Amidon de blé;Ingrédient;;Amidon de blé;Wheat starch
VALUES;Amidon de blé transformé;Ingrédient;;Amidon de blé transformé;Wheat starch transformed
VALUES;Chapelure de blé;Ingrédient;;Chapelure de blé;Wheat crumbs
VALUES;Dextrose de blé;Ingrédient;;Dextrose de blé;Wheat dextrose
VALUES;Farine de blé dur;Ingrédient;;Farine de blé dur;Durum wheat flour
VALUES;Semoule de blé dur;Ingrédient;;Semoule de blé dur;Durum wheat
VALUES;Farine de blé;Ingrédient;;Farine de blé;Wheat flour
VALUES;Fibre de blé;Ingrédient;;Fibre de blé;Wheat fiber
VALUES;Flocon de blé;Ingrédient;;Flocon de blé;Snowflake wheat
VALUES;Blé germé;Ingrédient;;Blé germé;Sprouted wheat
VALUES;Germes de blé;Ingrédient;;Germes de blé;Wheat germs
VALUES;Gluten de blé;Ingrédient;;Gluten de blé;Wheat gluten
VALUES;Farine de blé noir;Ingrédient;;Farine de blé noir;Buckwheat flour
VALUES;Protéines de blé;Ingrédient;;Protéines de blé;Wheat protein
VALUES;Son de blé;Ingrédient;;Son de blé;Wheat bran
VALUES;Farine de blé tendre;Ingrédient;;Farine de blé tendre;Wheat flour
VALUES;Bouillon naturel;Ingrédient;;Bouillon naturel;Natural bouillon
VALUES;Boyau artificiel;Ingrédient;;Boyau artificiel;Artificial gut
VALUES;Boyau de collagène;Ingrédient;;Boyau de collagène;Collagen casing
VALUES;Boyau naturel;Ingrédient;;Boyau naturel;Natural casing
VALUES;Cacao;Ingrédient;;Cacao;Cocoa
VALUES;Beurre de cacao;Ingrédient;;Beurre de cacao;Cocoa butter
VALUES;Cacao dégraissé;Ingrédient;;Cacao dégraissé;Defatted cocoa
VALUES;Poudre de cacao dégraissé;Ingrédient;;Poudre de cacao dégraissé;Defatted cocoa powder
VALUES;Extrait de cacao;Ingrédient;;Extrait de cacao;Cocoa extract
VALUES;Cacao maigre;Ingrédient;;Cacao maigre;Fat cocoa
VALUES;Poudre de cacao maigre;Ingrédient;;Poudre de cacao maigre;Fat cocoa powder
VALUES;Pate de cacao;Ingrédient;;Pate de cacao;Pate cocoa
VALUES;Poudre de cacao;Ingrédient;;Poudre de cacao;Cocoa powder
VALUES;Cacao sec dégraissé;Ingrédient;;Cacao sec dégraissé;Cocoa solids-
VALUES;Eau;Ingrédient;;Eau;Water
VALUES;Eau de vie;Ingrédient;;Eau de vie;Brandy
VALUES;Echalote;Ingrédient;;Echalote;Shallot
VALUES;Epice;Ingrédient;;Epice;Spice
VALUES;Epice extrait;Ingrédient;;Epice extrait;Spice extract
VALUES;Epices;Ingrédient;;Epices;Spices
VALUES;Epices curry rouge;Ingrédient;;Epices curry rouge;Red curry spices
VALUES;Epices et extraits d'épices;Ingrédient;;Epices et extraits d'épices;Spices and spice extracts
VALUES;Epices et plantes aromatiques;Ingrédient;;Epices et plantes aromatiques;Spices and herbs
VALUES;Extraits d'epices;Ingrédient;;Extraits d'epices;Spice extracts
VALUES;Extraits naturels d'epices;Ingrédient;;Extraits naturels d'epices;Natural extracts of spices
VALUES;Sirop d'erable;Ingrédient;;Sirop d'erable;Maple syrup
VALUES;Escargots;Ingrédient;;Escargots;Snails
VALUES;Farine;Ingrédient;;Farine;Flour
VALUES;Ferments;Ingrédient;;Ferments;Ferments
VALUES;Ferments de maturation;Ingrédient;;Ferments de maturation;Ripening ferments
VALUES;Ferments fongiques;Ingrédient;;Ferments fongiques;Fungal enzymes
VALUES;Ferments lactiques;Ingrédient;;Ferments lactiques;Lactic
VALUES;Flageolet;Ingrédient;;Flageolet;Flageolet
VALUES;Fromage;Ingrédient;;Fromage;Cheese
VALUES;Fromage blanc nature;Ingrédient;;Fromage blanc nature;Natural white cheese
VALUES;Fromage blanc pasteurise;Ingrédient;;Fromage blanc pasteurise;White cheese pasteurized
VALUES;Fromage fondu;Ingrédient;;Fromage fondu;Melted cheese
VALUES;Fromage frais;Ingrédient;;Fromage frais;Fresh cheese
VALUES;Froment;Ingrédient;;Froment;Wheat
VALUES;Froment farine;Ingrédient;;Froment farine;Wheat flour
VALUES;Extrait de fumée;Ingrédient;;Extrait de fumée;Smoke extract
VALUES;Fumée naturelle;Ingrédient;;Fumée naturelle;Natural smoke
VALUES;Gluten;Ingrédient;;Gluten;Gluten
VALUES;Graisse animale;Ingrédient;;Graisse animale;Animal fat
VALUES;Graisse végétale;Ingrédient;;Graisse végétale;Shortening
VALUES;Graisse végétale hydrogénée;Ingrédient;;Graisse végétale hydrogénée;Hydrogenated vegetable fat
VALUES;Graisse végétale raffinée;Ingrédient;;Graisse végétale raffinée;Refined vegetable fat
VALUES;Extrait d'herbe aromatique;Ingrédient;;Extrait d'herbe aromatique;Herb extract
VALUES;Herbes;Ingrédient;;Herbes;Herbs
VALUES;Herbes aromatiques;Ingrédient;;Herbes aromatiques;Herbs
VALUES;Extraits d'herbes aromatiques;Ingrédient;;Extraits d'herbes aromatiques;Herbal extracts
VALUES;Herbes de provence;Ingrédient;;Herbes de provence;Herbes de provence
VALUES;Herbes fines;Ingrédient;;Herbes fines;Herbs
VALUES;Houblon extrait;Ingrédient;;Houblon extrait;Hops extract
VALUES;Huile de noix de coco et de palme;Ingrédient;;Huile de noix de coco et de palme;Coconut oil and palm
VALUES;Huile de tournesol;Ingrédient;;Huile de tournesol;Sunflower oil
VALUES;Huile végétale;Ingrédient;;Huile végétale;Vegetable oil
VALUES;Huile végétale hydrogénée;Ingrédient;;Huile végétale hydrogénée;Hydrogenated vegetable oil
VALUES;Huile végétale partiellement hydrogénée;Ingrédient;;Huile végétale partiellement hydrogénée;Partially hydrogenated vegetable oil
VALUES;Huile végétale raffinée;Ingrédient;;Huile végétale raffinée;Refined vegetable oil
VALUES;Huiles essentielles;Ingrédient;;Huiles essentielles;Essential oils
VALUES;Huiles et matières grasses végétales en l'état et/ou hydrogénées (palme, palmiste);Ingrédient;;Huiles et matières grasses végétales en l'état et/ou hydrogénées (palme, palmiste);Vegetable oils and fats in the state and / or hydrogenated (palm, palm kernel)
VALUES;Huiles végétales en l'état et/ ou hydrogénées (palme, colza);Ingrédient;;Huiles végétales en l'état et/ ou hydrogénées (palme, colza);Vegetable oils in the state and / or hydrogenated (palm, rapeseed)
VALUES;Lait;Ingrédient;;Lait;Milk
VALUES;Lait concentré;Ingrédient;;Lait concentré;Condensed milk
VALUES;Lait concentré sucre;Ingrédient;;Lait concentré sucre;Condensed milk sugar
VALUES;Lait demi écrémé;Ingrédient;;Lait demi écrémé;Semi-skimmed milk
VALUES;Lait écrémé;Ingrédient;;Lait écrémé;Skim milk
VALUES;Lait écrémé concentré;Ingrédient;;Lait écrémé concentré;Concentrated skim milk
VALUES;Poudre de lait écrémé;Ingrédient;;Poudre de lait écrémé;Skim milk powder
VALUES;Protéines de lait écrémé;Ingrédient;;Protéines de lait écrémé;Skimmed milk proteins
VALUES;Lait entier;Ingrédient;;Lait entier;Full-cream milk
VALUES;Lait entier concentré sucre;Ingrédient;;Lait entier concentré sucre;Concentrated whole milk sugar
VALUES;Poudre de lait entier;Ingrédient;;Poudre de lait entier;Whole milk powder
VALUES;Lait minéraux;Ingrédient;;Lait minéraux;Milk minerals
VALUES;Lait partiellement écrémé;Ingrédient;;Lait partiellement écrémé;Partly skimmed milk
VALUES;Lait pasteurise;Ingrédient;;Lait pasteurise;Pasteurized milk
VALUES;Lait pasteurise écrémé;Ingrédient;;Lait pasteurise écrémé;Pasteurized skim milk
VALUES;Petit-lait en poudre;Ingrédient;;Petit-lait en poudre;Whey powder
VALUES;Petit-lait reconstitué;Ingrédient;;Petit-lait reconstitué;Reconstituted whey
VALUES;Poudre de lait;Ingrédient;;Poudre de lait;Milk powder
VALUES;Protéine de lait;Ingrédient;;Protéine de lait;Milk protein
VALUES;Protéine et extrait lactique de lait;Ingrédient;;Protéine et extrait lactique de lait;Protein extract and lactic milk
VALUES;Protéines de lait;Ingrédient;;Protéines de lait;Milk protein
VALUES;Lécithine de colza;Ingrédient;;Lécithine de colza;Rapeseed lecithin
VALUES;Lécithine de soja;Ingrédient;;Lécithine de soja;Soy lecithin
VALUES;Lécithines;Ingrédient;;Lécithines;Lecithins
VALUES;Levure;Ingrédient;;Levure;Yeast
VALUES;Levure boulangère;Ingrédient;;Levure boulangère;Baker's yeast
VALUES;Levure désactivée;Ingrédient;;Levure désactivée;Inactive yeast
VALUES;Extrait de levure;Ingrédient;;Extrait de levure;Yeast extract
VALUES;Amidon de mais;Ingrédient;;Amidon de mais;Cornstarch
VALUES;Amidon de mais modifié;Ingrédient;;Amidon de mais modifié;Modified corn starch
VALUES;Amidon de mais transformé;Ingrédient;;Amidon de mais transformé;Cornstarch transformed
VALUES;Dextrose de mais;Ingrédient;;Dextrose de mais;Dextrose but
VALUES;Farine de mais;Ingrédient;;Farine de mais;Cornmeal
VALUES;Glucose en poudre de mais;Ingrédient;;Glucose en poudre de mais;Glucose powder but
VALUES;Mais grains;Ingrédient;;Mais grains;But grains
VALUES;Amidon de manioc;Ingrédient;;Amidon de manioc;Cassava starch
VALUES;Amidon de manioc modifié;Ingrédient;;Amidon de manioc modifié;Cassava starch modified
VALUES;Amidon de manioc transformé;Ingrédient;;Amidon de manioc transformé;Processed cassava starch
VALUES;Fécule de manioc;Ingrédient;;Fécule de manioc;Manioc
VALUES;Fécule prégélatinisée de manioc;Ingrédient;;Fécule prégélatinisée de manioc;Gelatinized tapioca starch
VALUES;Matière grasse animale;Ingrédient;;Matière grasse animale;Animal fat
VALUES;Matière grasse butyrique;Ingrédient;;Matière grasse butyrique;Fat butyric
VALUES;Matière grasse végétale;Ingrédient;;Matière grasse végétale;Vegetable fat
VALUES;Matière grasse végétale en l'état et hydrogénée;Ingrédient;;Matière grasse végétale en l'état et hydrogénée;Vegetable fat and hydrogenated in the state
VALUES;Matière grasse végétale hydrogénée;Ingrédient;;Matière grasse végétale hydrogénée;Hydrogenated vegetable fat
VALUES;Matière grasse végétale non hydrogénée;Ingrédient;;Matière grasse végétale non hydrogénée;Material non-hydrogenated vegetable fat
VALUES;Matière grasse végétale partiellement hydrogénée;Ingrédient;;Matière grasse végétale partiellement hydrogénée;Partially hydrogenated vegetable fat
VALUES;Matières grasses végétales hydrogénées et partiellement hydrogénées;Ingrédient;;Matières grasses végétales hydrogénées et partiellement hydrogénées;Hydrogenated vegetable fats and partially hydrogenated
VALUES;Miel;Ingrédient;;Miel;Honey
VALUES;Oeuf;Ingrédient;;Oeuf;Egg
VALUES;Blanc d'oeuf;Ingrédient;;Blanc d'oeuf;Egg white
VALUES;Blanc d'oeuf en poudre;Ingrédient;;Blanc d'oeuf en poudre;Egg white powder
VALUES;Oeuf entier;Ingrédient;;Oeuf entier;Whole egg
VALUES;Oeuf entier pasteurise;Ingrédient;;Oeuf entier pasteurise;Pasteurized whole egg
VALUES;Oeuf entier en poudre;Ingrédient;;Oeuf entier en poudre;Whole egg powder
VALUES;Oeuf frais;Ingrédient;;Oeuf frais;Fresh egg
VALUES;Jaune d'oeuf;Ingrédient;;Jaune d'oeuf;Yolk
VALUES;Jaune d'oeuf frais;Ingrédient;;Jaune d'oeuf frais;Fresh egg yolk
VALUES;Jaune d'oeuf en poudre;Ingrédient;;Jaune d'oeuf en poudre;Egg yolk powder
VALUES;Oeufs durs;Ingrédient;;Oeufs durs;Boiled eggs
VALUES;Oeufs pasteurises;Ingrédient;;Oeufs pasteurises;Pasteurized eggs
VALUES;Graisse de palme;Ingrédient;;Graisse de palme;Palm fat
VALUES;Graisse hydrogénée de palme;Ingrédient;;Graisse hydrogénée de palme;Hydrogenated palm fat
VALUES;Graisse partiellement hydrogénée de palme;Ingrédient;;Graisse partiellement hydrogénée de palme;Fat partially hydrogenated palm
VALUES;Huile de palme;Ingrédient;;Huile de palme;Palm oil
VALUES;Huile hydrogénée de palme;Ingrédient;;Huile hydrogénée de palme;Hydrogenated palm oil
VALUES;Huile partiellement hydrogénée de palme;Ingrédient;;Huile partiellement hydrogénée de palme;Partially hydrogenated palm oil
VALUES;Pâtes;Ingrédient;;Pâtes;Pasta
VALUES;Pâtes aux épinards;Ingrédient;;Pâtes aux épinards;Spinach pasta
VALUES;Pâtes aux tomates;Ingrédient;;Pâtes aux tomates;Pasta with tomatoes
VALUES;Pâtes demi-penne;Ingrédient;;Pâtes demi-penne;Half penne pasta
VALUES;Pâtes farfalles;Ingrédient;;Pâtes farfalles;Farfalle pasta
VALUES;Pâtes langue d'oiseau;Ingrédient;;Pâtes langue d'oiseau;Pasta language bird
VALUES;Pâtes macaroni;Ingrédient;;Pâtes macaroni;Macaroni pasta
VALUES;Pâtes mini-torsades;Ingrédient;;Pâtes mini-torsades;Pasta mini twists
VALUES;Pâtes orechiette;Ingrédient;;Pâtes orechiette;Orecchiette pasta
VALUES;Pâtes spaghetti;Ingrédient;;Pâtes spaghetti;Pasta spaghetti
VALUES;Pâtes tagliatelles;Ingrédient;;Pâtes tagliatelles;Tagliatelle pasta
VALUES;Pignons de pin;Ingrédient;;Pignons de pin;Pine
VALUES;Piment;Ingrédient;;Piment;Pepper
VALUES;Piment doux;Ingrédient;;Piment doux;Paprika
VALUES;Piment extra fort;Ingrédient;;Piment extra fort;Extra chilli
VALUES;Piment fort;Ingrédient;;Piment fort;Pepper
VALUES;Piment jamaïque;Ingrédient;;Piment jamaïque;Jamaica pepper
VALUES;Pulpe de piment;Ingrédient;;Pulpe de piment;Pulp pepper
VALUES;Purée de piment;Ingrédient;;Purée de piment;Chili paste
VALUES;Piment rouge;Ingrédient;;Piment rouge;Red pepper
VALUES;Piment vert;Ingrédient;;Piment vert;Green pepper
VALUES;Plante aromatique;Ingrédient;;Plante aromatique;Herb
VALUES;Plantes aromatiques;Ingrédient;;Plantes aromatiques;Herbs
VALUES;Plantes aromatiques et épices;Ingrédient;;Plantes aromatiques et épices;Herbs and spices
VALUES;Extrait de plantes aromatiques;Ingrédient;;Extrait de plantes aromatiques;Extracted from aromatic plants
VALUES;Extraits naturels de plantes;Ingrédient;;Extraits naturels de plantes;Natural plant extracts
VALUES;Poivre;Ingrédient;;Poivre;Pepper
VALUES;Poivre blanc;Ingrédient;;Poivre blanc;White pepper
VALUES;Poivre de cayenne;Ingrédient;;Poivre de cayenne;Cayenne
VALUES;Poivre de cayenne oléorésine;Ingrédient;;Poivre de cayenne oléorésine;Cayenne pepper oleoresin
VALUES;Poivre du chili;Ingrédient;;Poivre du chili;Chili pepper
VALUES;Poivre du sichuan;Ingrédient;;Poivre du sichuan;Sichuan pepper
VALUES;Extrait naturel de poivre;Ingrédient;;Extrait naturel de poivre;Natural pepper extract
VALUES;Poivre gris;Ingrédient;;Poivre gris;Pepper gray
VALUES;Poivre noir;Ingrédient;;Poivre noir;Black pepper
VALUES;Extrait de poivre noir;Ingrédient;;Extrait de poivre noir;Black pepper extract
VALUES;Poivre vert;Ingrédient;;Poivre vert;Green pepper
VALUES;Baies de poivre vert;Ingrédient;;Baies de poivre vert;Green pepper berries
VALUES;Poivron;Ingrédient;;Poivron;Pepper
VALUES;Poivron déshydraté;Ingrédient;;Poivron déshydraté;Pepper dehydrated
VALUES;Poivron jaune;Ingrédient;;Poivron jaune;Yellow pepper
VALUES;Poivron marine;Ingrédient;;Poivron marine;Navy pepper
VALUES;Poivron rouge;Ingrédient;;Poivron rouge;Red pepper
VALUES;Poudre de poivron rouge;Ingrédient;;Poudre de poivron rouge;Red pepper powder
VALUES;Poivron vert;Ingrédient;;Poivron vert;Green pepper
VALUES;Compote de pomme;Ingrédient;;Compote de pomme;Applesauce
VALUES;Amidon de pomme de terre;Ingrédient;;Amidon de pomme de terre;Potato starch
VALUES;Amidon de pomme de terre modifiée;Ingrédient;;Amidon de pomme de terre modifiée;Starch modified potato
VALUES;Amidon de pomme de terre transformée;Ingrédient;;Amidon de pomme de terre transformée;Potato starch transformed
VALUES;Pomme de terre déshydratée;Ingrédient;;Pomme de terre déshydratée;Dehydrated potato
VALUES;Fécule de pomme de terre;Ingrédient;;Fécule de pomme de terre;Starch potato
VALUES;Fibre de pomme de terre;Ingrédient;;Fibre de pomme de terre;Potato fiber
VALUES;Flocons de pomme de terre;Ingrédient;;Flocons de pomme de terre;Potato flakes
VALUES;Maltodextrine de pomme de terre;Ingrédient;;Maltodextrine de pomme de terre;Maltodextrin potato
VALUES;Poudre a lever;Ingrédient;;Poudre a lever;Powder up
VALUES;Poudre de lactosérum;Ingrédient;;Poudre de lactosérum;Whey powder
VALUES;Poudre de lait écrémé;Ingrédient;;Poudre de lait écrémé;Skim milk powder
VALUES;Poudre de lait entier;Ingrédient;;Poudre de lait entier;Whole milk powder
VALUES;Présure;Ingrédient;;Présure;Rennet
VALUES;Présure microbienne;Ingrédient;;Présure microbienne;Microbial rennet
VALUES;Protéine de lait et lactose;Ingrédient;;Protéine de lait et lactose;Milk protein and lactose
VALUES;Protéine vegetale;Ingrédient;;Protéine vegetale;Vegetable protein
VALUES;Protéines de lait;Ingrédient;;Protéines de lait;Milk protein
VALUES;Protéines de soja;Ingrédient;;Protéines de soja;Soy protein
VALUES;Protéines vegetales;Ingrédient;;Protéines vegetales;Vegetable protein
VALUES;Amidon de riz;Ingrédient;;Amidon de riz;Rice starch
VALUES;Riz basmati;Ingrédient;;Riz basmati;Basmati rice
VALUES;Farine de riz;Ingrédient;;Farine de riz;Rice flour
VALUES;Riz sauvage;Ingrédient;;Riz sauvage;Wild rice
VALUES;Sel;Ingrédient;;Sel;Salt
VALUES;Sel de fonte;Ingrédient;;Sel de fonte;Melting salt
VALUES;Sel de guérande;Ingrédient;;Sel de guérande;Salt guérande
VALUES;Sel de saumure;Ingrédient;;Sel de saumure;Salt brine
VALUES;Sel fin;Ingrédient;;Sel fin;Fine salt
VALUES;Sel gemme;Ingrédient;;Sel gemme;Rock salt
VALUES;Sel gros;Ingrédient;;Sel gros;Coarse salt
VALUES;Sel iode;Ingrédient;;Sel iode;Salt iodine
VALUES;Sel marin;Ingrédient;;Sel marin;Sea salt
VALUES;Sel nitrite;Ingrédient;;Sel nitrite;Nitrite salt
VALUES;Sirop de fructose;Ingrédient;;Sirop de fructose;Fructose syrup
VALUES;Sirop de glucose;Ingrédient;;Sirop de glucose;Syrup
VALUES;Sirop de glucose-fructose;Ingrédient;;Sirop de glucose-fructose;Glucose-fructose
VALUES;Sirop de saccharose;Ingrédient;;Sirop de saccharose;Sucrose syrup
VALUES;Extrait de soja;Ingrédient;;Extrait de soja;Soy extract
VALUES;Farine de soja;Ingrédient;;Farine de soja;Soybean meal
VALUES;Fève de soja;Ingrédient;;Fève de soja;Soybean
VALUES;Graine de soja;Ingrédient;;Graine de soja;Soybean
VALUES;Huile hydrogénée de soja;Ingrédient;;Huile hydrogénée de soja;Hydrogenated soybean oil
VALUES;Isolat de soja;Ingrédient;;Isolat de soja;Soy isolate
VALUES;Pousses de soja;Ingrédient;;Pousses de soja;Beansprouts
VALUES;Protéine de soja;Ingrédient;;Protéine de soja;Soybean protein
VALUES;Protéine réhydratée de soja;Ingrédient;;Protéine réhydratée de soja;Rehydrated soy protein
VALUES;Protéines de soja;Ingrédient;;Protéines de soja;Soy protein
VALUES;Soude;Ingrédient;;Soude;Soda
VALUES;Sucre;Ingrédient;;Sucre;Sugar
VALUES;Sucre brun;Ingrédient;;Sucre brun;Brown sugar
VALUES;Sucre caramélisé;Ingrédient;;Sucre caramélisé;Caramelized sugar
VALUES;Sucre de canne;Ingrédient;;Sucre de canne;Cane
VALUES;Sucre inverti;Ingrédient;;Sucre inverti;Invert sugar
VALUES;Sucre roux;Ingrédient;;Sucre roux;Brown sugar
VALUES;Sucre sirop;Ingrédient;;Sucre sirop;Sugar syrup
VALUES;Sucre vanille;Ingrédient;;Sucre vanille;Vanilla sugar
VALUES;Concentré de tomate;Ingrédient;;Concentré de tomate;Tomato concentrate
VALUES;Tomate confite;Ingrédient;;Tomate confite;Tomato
VALUES;Coulis de tomate;Ingrédient;;Coulis de tomate;Tomato coulis
VALUES;Tomate déshydratée;Ingrédient;;Tomate déshydratée;Dehydrated tomato
VALUES;Double concentré de tomate;Ingrédient;;Double concentré de tomate;Double concentrated tomato
VALUES;Jus de tomate;Ingrédient;;Jus de tomate;Tomato juice
VALUES;Tomate pelée concassée;Ingrédient;;Tomate pelée concassée;Peeled crushed tomatoes
VALUES;Poudre de tomate;Ingrédient;;Poudre de tomate;Tomato powder
VALUES;Purée de tomate;Ingrédient;;Purée de tomate;Tomato puree
VALUES;Purée de double concentré de tomate;Ingrédient;;Purée de double concentré de tomate;Puree double concentrate tomato
VALUES;Tomate semi-déshydratée;Ingrédient;;Tomate semi-déshydratée;Semi-dried tomato
VALUES;Tomates concassées;Ingrédient;;Tomates concassées;Crushed tomatoes
VALUES;Tomates marinées;Ingrédient;;Tomates marinées;Marinated tomatoes
VALUES;Tomates pelées;Ingrédient;;Tomates pelées;Peeled tomatoes
VALUES;Tomates séchées;Ingrédient;;Tomates séchées;Dried tomatoes
VALUES;Vin;Ingrédient;;Vin;Wine
VALUES;Vin blanc;Ingrédient;;Vin blanc;White wine
VALUES;Extrait de vin blanc;Ingrédient;;Extrait de vin blanc;White wine extract
VALUES;Vin blanc réduit;Ingrédient;;Vin blanc réduit;Reduced white wine
VALUES;Vin jaune;Ingrédient;;Vin jaune;Yellow wine
VALUES;Vin rose;Ingrédient;;Vin rose;Rose wine
VALUES;Vin rouge;Ingrédient;;Vin rouge;Red wine
VALUES;Réduit de vin rouge;Ingrédient;;Réduit de vin rouge;Reduced red wine
VALUES;Vinaigre;Ingrédient;;Vinaigre;Vinegar
VALUES;Vinaigre balsamique;Ingrédient;;Vinaigre balsamique;Balsamic vinegar
VALUES;Vinaigre d'alcool;Ingrédient;;Vinaigre d'alcool;Spirit vinegar
VALUES;Vinaigre d'alcool coloré;Ingrédient;;Vinaigre d'alcool coloré;Vinegar colored alcohol
VALUES;Vinaigre d'alcool réduit;Ingrédient;;Vinaigre d'alcool réduit;Vinegar reduces alcohol
VALUES;Vinaigre de banyuls;Ingrédient;;Vinaigre de banyuls;Banyuls vinegar
VALUES;Vinaigre de malt;Ingrédient;;Vinaigre de malt;Malt vinegar
VALUES;Vinaigre de vin;Ingrédient;;Vinaigre de vin;Wine vinegar
VALUES;Vinaigre de vin rouge;Ingrédient;;Vinaigre de vin rouge;Red wine vinegar
VALUES;Vinaigre de xérès;Ingrédient;;Vinaigre de xérès;Sherry vinegar
